backtest,horizonte,alpha,rmse
A,1,0.0,2.7705973314865706
A,2,0.0,3.8316564887004465
A,3,0.0,3.855585376598702
A,4,0.0,4.051253466377346
A,5,0.0,4.443712147328015
A,6,0.0,3.5757450496086385
A,7,0.0,3.9216253896009863
A,8,0.0,4.145148602543135
A,9,0.0,3.472097297010817
A,10,0.0,2.8415979742479074
A,11,0.0,2.7036531715205325
A,12,0.0,3.203555178715207
A,13,0.0,3.092911094187284
A,14,0.0,3.305051302966942
A,15,0.0,4.975590076146298
A,16,0.0,4.361775659231994
A,17,0.0,4.39933765872296
A,18,0.0,4.089993731997964
A,19,0.0,4.210107643523643
A,20,0.0,3.849457184703296
A,21,0.0,3.8184012723327174
A,22,0.0,3.2328285216426704
A,23,0.0,3.653045114380608
A,24,0.0,2.799413059336567
B,1,0.0,3.0932136879306076
B,2,0.0,3.2586536599938634
B,3,0.0,5.121381879504364
B,4,0.0,4.759532475018109
B,5,0.0,4.922437324955127
B,6,0.0,5.059935137376219
B,7,0.0,5.385587495369356
B,8,0.0,5.196267988292476
B,9,0.0,4.99553283589053
B,10,0.0,4.485194381367014
B,11,0.0,3.7434829213034204
B,12,0.0,2.405283975731795
A,1,0.1,2.5596245389819114
A,2,0.1,3.555396588383839
A,3,0.1,3.5359477445430865
A,4,0.1,3.7368561685747026
A,5,0.1,4.125980897460148
A,6,0.1,3.2595222465147744
A,7,0.1,3.5916460391896132
A,8,0.1,3.803368075556897
A,9,0.1,3.17144505135237
A,10,0.1,2.6139924909753485
A,11,0.1,2.542882101936827
A,12,0.1,3.075365421547832
A,13,0.1,2.855530470791935
A,14,0.1,3.0241265927719376
A,15,0.1,4.66328090362392
A,16,0.1,4.027674736488327
A,17,0.1,4.072297695235381
A,18,0.1,3.772490952282768
A,19,0.1,3.873373615622721
A,20,0.1,3.5064860820059707
A,21,0.1,3.516499819981693
A,22,0.1,2.995827556510434
A,23,0.1,3.5070265350570553
A,24,0.1,2.640765418207961
B,1,0.1,2.8499446446217718
B,2,0.1,2.971949912019791
B,3,0.1,4.799898316586522
B,4,0.1,4.3924071446864295
B,5,0.1,4.530665415642098
B,6,0.1,4.6306782618960005
B,7,0.1,4.921664671375439
B,8,0.1,4.715823028903078
B,9,0.1,4.556408876378271
B,10,0.1,4.1115476637319786
B,11,0.1,3.533877069008241
B,12,0.1,2.230916043863967
A,1,0.2,2.3664454557901395
A,2,0.2,3.2920843235372925
A,3,0.2,3.225681088264775
A,4,0.2,3.433933354408817
A,5,0.2,3.8156781478644586
A,6,0.2,2.9532837558956984
A,7,0.2,3.269105022251762
A,8,0.2,3.465934144461279
A,9,0.2,2.8770060177305967
A,10,0.2,2.3983890229027773
A,11,0.2,2.39292189807478
A,12,0.2,2.9564965034504267
A,13,0.2,2.629624994186284
A,14,0.2,2.7577237030338413
A,15,0.2,4.358966063358792
A,16,0.2,3.7007574287637635
A,17,0.2,3.7512112504855786
A,18,0.2,3.4632635322650085
A,19,0.2,3.542229631682588
A,20,0.2,3.1680132045678784
A,21,0.2,3.2199145221237555
A,22,0.2,2.7676381109219386
A,23,0.2,3.370022038643974
A,24,0.2,2.4896712467925335
B,1,0.2,2.6185247569126613
B,2,0.2,2.700300677106457
B,3,0.2,4.4855895914315385
B,4,0.2,4.031456596627675
B,5,0.2,4.144944922613289
B,6,0.2,4.208876843003583
B,7,0.2,4.462549341927412
B,8,0.2,4.238787780808685
B,9,0.2,4.1221605065338505
B,10,0.2,3.7448989943265514
B,11,0.2,3.340332102470688
B,12,0.2,2.070983025193212
A,1,0.3,2.195761489154689
A,2,0.3,3.045080347899854
A,3,0.3,2.927766160298803
A,4,0.3,3.1458015548591463
A,5,0.3,3.5147719319983546
A,6,0.3,2.66047959243042
A,7,0.3,2.9564378605712074
A,8,0.3,3.134250989295018
A,9,0.3,2.59089933745827
A,10,0.3,2.19832175401257
A,11,0.3,2.2559295090224976
A,12,0.3,2.8481157068596428
A,13,0.3,2.4184125077891068
A,14,0.3,2.510469923089362
A,15,0.3,4.06444161873139
A,16,0.3,3.3831068845486234
A,17,0.3,3.437746909955496
A,18,0.3,3.1647381652147315
A,19,0.3,3.218401647116159
A,20,0.3,2.8356497808982675
A,21,0.3,2.930260042062588
A,22,0.3,2.550626225927109
A,23,0.3,3.24317419787396
A,24,0.3,2.3475894543321205
B,1,0.3,2.4023807347441526
B,2,0.3,2.4487213147830524
B,3,0.3,4.180074491594873
B,4,0.3,3.678498970796818
B,5,0.3,3.767135135234503
B,6,0.3,3.7970163204260032
B,7,0.3,4.009893158837749
B,8,0.3,3.7664580229380515
B,9,0.3,3.6945073410573492
B,10,0.3,3.3875214388030983
B,11,0.3,3.1657951023230013
B,12,0.3,1.9290785083864455
A,1,0.4,2.0531904555187794
A,2,0.4,2.8186752733064417
A,3,0.4,2.646377726392185
A,4,0.4,2.8769083135743645
A,5,0.4,3.225892804143583
A,6,0.4,2.3860606514145246
A,7,0.4,2.6571324395949736
A,8,0.4,2.810355498620799
A,9,0.4,2.3162147927380032
A,10,0.4,2.0184158713775022
A,11,0.4,2.134403336421843
A,12,0.4,2.7514627001451566
A,13,0.4,2.2260792018627638
A,14,0.4,2.288580190095003
A,15,0.4,3.7819955549669997
A,16,0.4,3.0775938198756254
A,17,0.4,3.134192468888334
A,18,0.4,2.8802444455992533
A,19,0.4,2.9043378525873593
A,20,0.4,2.5118221852028944
A,21,0.4,2.649810207714288
A,22,0.4,2.347893320069315
A,23,0.4,3.127718997611878
A,24,0.4,2.2162540425142487
B,1,0.4,2.2060073331075634
B,2,0.4,2.2240331093821863
B,3,0.4,3.885427925871187
B,4,0.4,3.336072194613559
B,5,0.4,3.3998742999348033
B,6,0.4,3.3987125708457637
B,7,0.4,3.5661565705863416
B,8,0.4,3.300854344468532
B,9,0.4,3.2760332115588184
B,10,0.4,3.0426835611130656
B,11,0.4,3.013570534125664
B,12,0.4,1.8094490867139066
A,1,0.5,1.9449245958045744
A,2,0.5,2.6182183077103676
A,3,0.5,2.387366672141218
A,4,0.5,2.6331540686026345
A,5,0.5,2.9525730605145157
A,6,0.5,2.1371210200424593
A,7,0.5,2.376243165355541
A,8,0.5,2.497279677556484
A,9,0.5,2.0575321124658075
A,10,0.5,1.8645166108596702
A,11,0.5,2.0311214067200494
A,12,0.5,2.6678124572021598
A,13,0.5,2.057925235632894
A,14,0.5,2.100109563225595
A,15,0.5,3.514541116370178
A,16,0.5,2.7882109192310467
A,17,0.5,2.843723209307288
A,18,0.5,2.6143671375751043
A,19,0.5,2.6035741516241506
A,20,0.5,2.2003024098572435
A,21,0.5,2.381818674496034
A,22,0.5,2.1634572810999506
A,23,0.5,3.0249612049986077
A,24,0.5,2.0976844666711894
B,1,0.5,2.035135715309419
B,2,0.5,2.035162236591387
B,3,0.5,3.6043163316129117
B,4,0.5,3.0077751443640612
B,5,0.5,3.0469792904144204
B,6,0.5,3.0193355037992378
B,7,0.5,3.1351292239816577
B,8,0.5,2.8452806443758982
B,9,0.5,2.8707550525874965
B,10,0.5,2.7151673506174965
B,11,0.5,2.8871897681951326
B,12,0.5,1.7167577022726248
A,1,0.6,1.8769098080225757
A,2,0.6,2.450086683488502
A,3,0.6,2.1588025289286406
A,4,0.6,2.422140403735953
A,5,0.6,2.699542853061526
A,6,0.6,1.9235784694091858
A,7,0.6,2.1210990456534127
A,8,0.6,2.1996482768438623
A,9,0.6,1.821680998427188
A,10,0.6,1.7435243678234027
A,11,0.6,1.948986313087318
A,12,0.6,2.5984210646466535
A,13,0.6,1.920313007115513
A,14,0.6,1.954748553626596
A,15,0.6,3.265763664853142
A,16,0.6,2.5205200697927546
A,17,0.6,2.5707784024023423
A,18,0.6,2.373371029832584
A,19,0.6,2.3212861015525394
A,20,0.6,1.9071312734436612
A,21,0.6,2.130990872322606
A,22,0.6,2.002380393067711
A,23,0.6,2.9362342156116448
A,24,0.6,1.9941591381707504
B,1,0.6,1.8966708393078564
B,2,0.6,1.892860863965237
B,3,0.6,3.3401588149155126
B,4,0.6,2.6987692699256094
B,5,0.6,2.7140596437237448
B,6,0.6,2.6669743480982615
B,7,0.6,2.722853437237647
B,8,0.6,2.4054425090083607
B,9,0.6,2.4851372998865493
B,10,0.6,2.4120391714740577
B,11,0.6,2.7901668068688954
B,12,0.6,1.655535237989891
A,1,0.7,1.8535822827408217
A,2,0.7,2.321314982005454
A,3,0.7,1.9713044578955448
A,4,0.7,2.253085174587939
A,5,0.7,2.473037847940035
A,6,0.7,1.7583768234455588
A,7,0.7,1.902088731701711
A,8,0.7,1.9246397819552692
A,9,0.7,1.6186725316463348
A,10,0.7,1.6626387812437473
A,11,0.7,1.8907559445429467
A,12,0.7,2.5444553754152075
A,13,0.7,1.8201829365459192
A,14,0.7,1.86261764126626
A,15,0.7,3.0402515596321313
A,16,0.7,2.2821673024699902
A,17,0.7,2.3215473592740983
A,18,0.7,2.165578816864711
A,19,0.7,2.065064349781495
A,20,0.7,1.64216554830723
A,21,0.7,1.9041218018129742
A,22,0.7,1.8707064271603242
A,23,0.7,2.862842880698828
A,24,0.7,1.9081283030419365
B,1,0.7,1.7981148552255228
B,2,0.7,1.8081576355171285
B,3,0.7,3.097296278808082
B,4,0.7,2.416466521058257
B,5,0.7,2.4094099102858473
B,6,0.7,2.3537933226941736
B,7,0.7,2.339264725244932
B,8,0.7,1.9917917963606844
B,9,0.7,2.1298854629366075
B,10,0.7,2.1436699656583698
B,11,0.7,2.725638553054561
B,12,0.7,1.6293329141557846
A,1,0.8,1.8766092394751732
A,2,0.8,2.2387055576952553
A,3,0.8,1.837486965309168
A,4,0.8,2.135974333790555
A,5,0.8,2.2809737883546566
A,6,0.8,1.6560468079360096
A,7,0.8,1.7329664527287705
A,8,0.8,1.6833784581384477
A,9,0.8,1.4622502206719077
A,10,0.8,1.627849403131851
A,11,0.8,1.8586783875928647
A,12,0.8,2.506911783777545
A,13,0.8,1.7639296774651776
A,14,0.8,1.8317663296678024
A,15,0.8,2.8435454897307832
A,16,0.8,2.0832471415615745
A,17,0.8,2.1044722218255916
A,18,0.8,2.0013595954866252
A,19,0.8,1.8457960812174938
A,20,0.8,1.4212686855498602
A,21,0.8,1.71076983046514
A,22,0.8,1.7749910707874623
A,23,0.8,2.805990781108328
A,24,0.8,1.8420447821030206
B,1,0.8,1.7462381451090185
B,2,0.8,1.7892514308756795
B,3,0.8,2.881118915961876
B,4,0.8,2.171307427416952
B,5,0.8,2.145108830454937
B,6,0.8,2.097417312348495
B,7,0.8,2.0009300570881945
B,8,0.8,1.6244582583052039
B,9,0.8,1.8228408130663734
B,10,0.8,1.9246551931919462
B,11,0.8,2.6959393340362525
B,12,0.8,1.639830317773089
A,1,0.9,1.9443444406354757
A,2,0.9,2.207447109610016
A,3,0.9,1.769570457708717
A,4,0.9,2.0796020742926493
A,5,0.9,2.1326760872122414
A,6,0.9,1.6284839755147253
A,7,0.9,1.6293418028522937
A,8,0.9,1.4923226095390456
A,9,0.9,1.368483280671248
A,10,0.9,1.6420886420461862
A,11,0.9,1.854111530799229
A,12,0.9,2.486534261113158
A,13,0.9,1.755775611786844
A,14,0.9,1.8652378225712574
A,15,0.9,2.6819911509255685
A,16,0.9,1.935953148015735
A,17,0.9,1.9304313423448527
A,18,0.9,1.892092994656515
A,19,0.9,1.6780305060871674
A,20,0.9,1.267691074189279
A,21,0.9,1.5634202339719703
A,22,0.9,1.7212436006593697
A,23,0.9,2.766697685187056
A,24,0.9,1.7981092134683314
B,1,0.9,1.74520834092495
B,2,0.9,1.8381736028913445
B,3,0.9,2.6980487053503373
B,4,0.9,1.9771575716610663
B,5,0.9,1.9377376204806833
B,6,0.9,1.9207293671812988
B,7,0.9,1.7345361790484586
B,8,0.9,1.3420297623090198
B,9,0.9,1.5921422778579744
B,10,0.9,1.7733761692799908
B,11,0.9,2.702217778579734
B,12,0.9,1.6863422256574943
A,1,1.0,2.0523660680614833
A,2,1.0,2.2297003719542574
A,3,1.0,1.7751352165572842
A,4,1.0,2.08889159659347
A,5,1.0,2.0377227011449914
A,6,1.0,1.6793737340241115
A,7,1.0,1.6039599421377382
A,8,1.0,1.3725995421591013
A,9,1.0,1.3504862493085406
A,10,1.0,1.704127930666235
A,11,1.0,1.877256163190852
A,12,1.0,2.48374535281294
A,13,1.0,1.7963758510406738
A,14,1.0,1.9597390699512598
A,15,1.0,2.5622463367658312
A,16,1.0,1.8526401193771662
A,17,1.0,1.8118685511283539
A,18,1.0,1.8475547683353737
A,19,1.0,1.5782776645769163
A,20,1.0,1.2074003632643178
A,21,1.0,1.475916014422646
A,22,1.0,1.7134179965571088
A,23,1.0,2.7457175405040175
A,24,1.0,1.7779642610946693
B,1,1.0,1.79511295298747
B,2,1.0,1.9498252663524824
B,3,1.0,2.555211549814669
B,4,1.0,1.850145616933268
B,5,1.0,1.8070035112790552
B,6,1.0,1.8467454522483973
B,7,1.0,1.5769728735721582
B,8,1.0,1.2057248068657302
B,9,1.0,1.4740818480381588
B,10,1.0,1.7079277493307774
B,11,1.0,2.7442269607492444
B,12,1.0,1.7660253786382643
