seas,yr,anom,mes1,mes2,mes3,disponibilidade_conservadora,data_indexada_antiga_por_centro
DJF,1950,-1.32,1949-12-01,1950-01-01,1950-02-01,1950-02-01,1950-01-01
JFM,1950,-1.2,1950-01-01,1950-02-01,1950-03-01,1950-03-01,1950-02-01
FMA,1950,-1.12,1950-02-01,1950-03-01,1950-04-01,1950-04-01,1950-03-01
MAM,1950,-1.08,1950-03-01,1950-04-01,1950-05-01,1950-05-01,1950-04-01
AMJ,1950,-1.1,1950-04-01,1950-05-01,1950-06-01,1950-06-01,1950-05-01
MJJ,1950,-0.9,1950-05-01,1950-06-01,1950-07-01,1950-07-01,1950-06-01
JJA,1950,-0.62,1950-06-01,1950-07-01,1950-08-01,1950-08-01,1950-07-01
JAS,1950,-0.57,1950-07-01,1950-08-01,1950-09-01,1950-09-01,1950-08-01
ASO,1950,-0.56,1950-08-01,1950-09-01,1950-10-01,1950-10-01,1950-09-01
SON,1950,-0.62,1950-09-01,1950-10-01,1950-11-01,1950-11-01,1950-10-01
OND,1950,-0.66,1950-10-01,1950-11-01,1950-12-01,1950-12-01,1950-11-01
NDJ,1950,-0.79,1950-11-01,1950-12-01,1951-01-01,1951-01-01,1950-12-01
DJF,1951,-0.66,1950-12-01,1951-01-01,1951-02-01,1951-02-01,1951-01-01
JFM,1951,-0.36,1951-01-01,1951-02-01,1951-03-01,1951-03-01,1951-02-01
FMA,1951,-0.04,1951-02-01,1951-03-01,1951-04-01,1951-04-01,1951-03-01
MAM,1951,0.16,1951-03-01,1951-04-01,1951-05-01,1951-05-01,1951-04-01
AMJ,1951,0.27,1951-04-01,1951-05-01,1951-06-01,1951-06-01,1951-05-01
MJJ,1951,0.5,1951-05-01,1951-06-01,1951-07-01,1951-07-01,1951-06-01
JJA,1951,0.71,1951-06-01,1951-07-01,1951-08-01,1951-08-01,1951-07-01
JAS,1951,0.9,1951-07-01,1951-08-01,1951-09-01,1951-09-01,1951-08-01
ASO,1951,1.02,1951-08-01,1951-09-01,1951-10-01,1951-10-01,1951-09-01
SON,1951,1.03,1951-09-01,1951-10-01,1951-11-01,1951-11-01,1951-10-01
OND,1951,0.96,1951-10-01,1951-11-01,1951-12-01,1951-12-01,1951-11-01
NDJ,1951,0.71,1951-11-01,1951-12-01,1952-01-01,1952-01-01,1951-12-01
DJF,1952,0.52,1951-12-01,1952-01-01,1952-02-01,1952-02-01,1952-01-01
JFM,1952,0.27,1952-01-01,1952-02-01,1952-03-01,1952-03-01,1952-02-01
FMA,1952,0.33,1952-02-01,1952-03-01,1952-04-01,1952-04-01,1952-03-01
MAM,1952,0.18,1952-03-01,1952-04-01,1952-05-01,1952-05-01,1952-04-01
AMJ,1952,-0.07,1952-04-01,1952-05-01,1952-06-01,1952-06-01,1952-05-01
MJJ,1952,-0.44,1952-05-01,1952-06-01,1952-07-01,1952-07-01,1952-06-01
JJA,1952,-0.45,1952-06-01,1952-07-01,1952-08-01,1952-08-01,1952-07-01
JAS,1952,-0.2,1952-07-01,1952-08-01,1952-09-01,1952-09-01,1952-08-01
ASO,1952,0.03,1952-08-01,1952-09-01,1952-10-01,1952-10-01,1952-09-01
SON,1952,0.04,1952-09-01,1952-10-01,1952-11-01,1952-11-01,1952-10-01
OND,1952,-0.11,1952-10-01,1952-11-01,1952-12-01,1952-12-01,1952-11-01
NDJ,1952,0.06,1952-11-01,1952-12-01,1953-01-01,1953-01-01,1952-12-01
DJF,1953,0.25,1952-12-01,1953-01-01,1953-02-01,1953-02-01,1953-01-01
JFM,1953,0.5,1953-01-01,1953-02-01,1953-03-01,1953-03-01,1953-02-01
FMA,1953,0.48,1953-02-01,1953-03-01,1953-04-01,1953-04-01,1953-03-01
MAM,1953,0.56,1953-03-01,1953-04-01,1953-05-01,1953-05-01,1953-04-01
AMJ,1953,0.77,1953-04-01,1953-05-01,1953-06-01,1953-06-01,1953-05-01
MJJ,1953,0.74,1953-05-01,1953-06-01,1953-07-01,1953-07-01,1953-06-01
JJA,1953,0.63,1953-06-01,1953-07-01,1953-08-01,1953-08-01,1953-07-01
JAS,1953,0.68,1953-07-01,1953-08-01,1953-09-01,1953-09-01,1953-08-01
ASO,1953,0.59,1953-08-01,1953-09-01,1953-10-01,1953-10-01,1953-09-01
SON,1953,0.78,1953-09-01,1953-10-01,1953-11-01,1953-11-01,1953-10-01
OND,1953,0.52,1953-10-01,1953-11-01,1953-12-01,1953-12-01,1953-11-01
NDJ,1953,0.56,1953-11-01,1953-12-01,1954-01-01,1954-01-01,1953-12-01
DJF,1954,0.41,1953-12-01,1954-01-01,1954-02-01,1954-02-01,1954-01-01
JFM,1954,0.35,1954-01-01,1954-02-01,1954-03-01,1954-03-01,1954-02-01
FMA,1954,0.01,1954-02-01,1954-03-01,1954-04-01,1954-04-01,1954-03-01
MAM,1954,-0.27,1954-03-01,1954-04-01,1954-05-01,1954-05-01,1954-04-01
AMJ,1954,-0.48,1954-04-01,1954-05-01,1954-06-01,1954-06-01,1954-05-01
MJJ,1954,-0.48,1954-05-01,1954-06-01,1954-07-01,1954-07-01,1954-06-01
JJA,1954,-0.67,1954-06-01,1954-07-01,1954-08-01,1954-08-01,1954-07-01
JAS,1954,-0.83,1954-07-01,1954-08-01,1954-09-01,1954-09-01,1954-08-01
ASO,1954,-0.73,1954-08-01,1954-09-01,1954-10-01,1954-10-01,1954-09-01
SON,1954,-0.52,1954-09-01,1954-10-01,1954-11-01,1954-11-01,1954-10-01
OND,1954,-0.4,1954-10-01,1954-11-01,1954-12-01,1954-12-01,1954-11-01
NDJ,1954,-0.44,1954-11-01,1954-12-01,1955-01-01,1955-01-01,1954-12-01
DJF,1955,-0.5,1954-12-01,1955-01-01,1955-02-01,1955-02-01,1955-01-01
JFM,1955,-0.48,1955-01-01,1955-02-01,1955-03-01,1955-03-01,1955-02-01
FMA,1955,-0.58,1955-02-01,1955-03-01,1955-04-01,1955-04-01,1955-03-01
MAM,1955,-0.76,1955-03-01,1955-04-01,1955-05-01,1955-05-01,1955-04-01
AMJ,1955,-0.78,1955-04-01,1955-05-01,1955-06-01,1955-06-01,1955-05-01
MJJ,1955,-0.88,1955-05-01,1955-06-01,1955-07-01,1955-07-01,1955-06-01
JJA,1955,-0.72,1955-06-01,1955-07-01,1955-08-01,1955-08-01,1955-07-01
JAS,1955,-0.92,1955-07-01,1955-08-01,1955-09-01,1955-09-01,1955-08-01
ASO,1955,-1.11,1955-08-01,1955-09-01,1955-10-01,1955-10-01,1955-09-01
SON,1955,-1.44,1955-09-01,1955-10-01,1955-11-01,1955-11-01,1955-10-01
OND,1955,-1.59,1955-10-01,1955-11-01,1955-12-01,1955-12-01,1955-11-01
NDJ,1955,-1.51,1955-11-01,1955-12-01,1956-01-01,1956-01-01,1955-12-01
DJF,1956,-1.17,1955-12-01,1956-01-01,1956-02-01,1956-02-01,1956-01-01
JFM,1956,-0.81,1956-01-01,1956-02-01,1956-03-01,1956-03-01,1956-02-01
FMA,1956,-0.57,1956-02-01,1956-03-01,1956-04-01,1956-04-01,1956-03-01
MAM,1956,-0.51,1956-03-01,1956-04-01,1956-05-01,1956-05-01,1956-04-01
AMJ,1956,-0.49,1956-04-01,1956-05-01,1956-06-01,1956-06-01,1956-05-01
MJJ,1956,-0.47,1956-05-01,1956-06-01,1956-07-01,1956-07-01,1956-06-01
JJA,1956,-0.55,1956-06-01,1956-07-01,1956-08-01,1956-08-01,1956-07-01
JAS,1956,-0.52,1956-07-01,1956-08-01,1956-09-01,1956-09-01,1956-08-01
ASO,1956,-0.43,1956-08-01,1956-09-01,1956-10-01,1956-10-01,1956-09-01
SON,1956,-0.39,1956-09-01,1956-10-01,1956-11-01,1956-11-01,1956-10-01
OND,1956,-0.37,1956-10-01,1956-11-01,1956-12-01,1956-12-01,1956-11-01
NDJ,1956,-0.39,1956-11-01,1956-12-01,1957-01-01,1957-01-01,1956-12-01
DJF,1957,-0.27,1956-12-01,1957-01-01,1957-02-01,1957-02-01,1957-01-01
JFM,1957,-0.06,1957-01-01,1957-02-01,1957-03-01,1957-03-01,1957-02-01
FMA,1957,0.26,1957-02-01,1957-03-01,1957-04-01,1957-04-01,1957-03-01
MAM,1957,0.63,1957-03-01,1957-04-01,1957-05-01,1957-05-01,1957-04-01
AMJ,1957,0.72,1957-04-01,1957-05-01,1957-06-01,1957-06-01,1957-05-01
MJJ,1957,0.82,1957-05-01,1957-06-01,1957-07-01,1957-07-01,1957-06-01
JJA,1957,0.96,1957-06-01,1957-07-01,1957-08-01,1957-08-01,1957-07-01
JAS,1957,1.03,1957-07-01,1957-08-01,1957-09-01,1957-09-01,1957-08-01
ASO,1957,1.12,1957-08-01,1957-09-01,1957-10-01,1957-10-01,1957-09-01
SON,1957,1.15,1957-09-01,1957-10-01,1957-11-01,1957-11-01,1957-10-01
OND,1957,1.39,1957-10-01,1957-11-01,1957-12-01,1957-12-01,1957-11-01
NDJ,1957,1.62,1957-11-01,1957-12-01,1958-01-01,1958-01-01,1957-12-01
DJF,1958,1.69,1957-12-01,1958-01-01,1958-02-01,1958-02-01,1958-01-01
JFM,1958,1.59,1958-01-01,1958-02-01,1958-03-01,1958-03-01,1958-02-01
FMA,1958,1.17,1958-02-01,1958-03-01,1958-04-01,1958-04-01,1958-03-01
MAM,1958,0.84,1958-03-01,1958-04-01,1958-05-01,1958-05-01,1958-04-01
AMJ,1958,0.57,1958-04-01,1958-05-01,1958-06-01,1958-06-01,1958-05-01
MJJ,1958,0.49,1958-05-01,1958-06-01,1958-07-01,1958-07-01,1958-06-01
JJA,1958,0.43,1958-06-01,1958-07-01,1958-08-01,1958-08-01,1958-07-01
JAS,1958,0.32,1958-07-01,1958-08-01,1958-09-01,1958-09-01,1958-08-01
ASO,1958,0.28,1958-08-01,1958-09-01,1958-10-01,1958-10-01,1958-09-01
SON,1958,0.3,1958-09-01,1958-10-01,1958-11-01,1958-11-01,1958-10-01
OND,1958,0.36,1958-10-01,1958-11-01,1958-12-01,1958-12-01,1958-11-01
NDJ,1958,0.56,1958-11-01,1958-12-01,1959-01-01,1959-01-01,1958-12-01
DJF,1959,0.6,1958-12-01,1959-01-01,1959-02-01,1959-02-01,1959-01-01
JFM,1959,0.64,1959-01-01,1959-02-01,1959-03-01,1959-03-01,1959-02-01
FMA,1959,0.48,1959-02-01,1959-03-01,1959-04-01,1959-04-01,1959-03-01
MAM,1959,0.39,1959-03-01,1959-04-01,1959-05-01,1959-05-01,1959-04-01
AMJ,1959,0.24,1959-04-01,1959-05-01,1959-06-01,1959-06-01,1959-05-01
MJJ,1959,0.02,1959-05-01,1959-06-01,1959-07-01,1959-07-01,1959-06-01
JJA,1959,-0.19,1959-06-01,1959-07-01,1959-08-01,1959-08-01,1959-07-01
JAS,1959,-0.23,1959-07-01,1959-08-01,1959-09-01,1959-09-01,1959-08-01
ASO,1959,-0.04,1959-08-01,1959-09-01,1959-10-01,1959-10-01,1959-09-01
SON,1959,0.11,1959-09-01,1959-10-01,1959-11-01,1959-11-01,1959-10-01
OND,1959,0.23,1959-10-01,1959-11-01,1959-12-01,1959-12-01,1959-11-01
NDJ,1959,0.14,1959-11-01,1959-12-01,1960-01-01,1960-01-01,1959-12-01
DJF,1960,0.02,1959-12-01,1960-01-01,1960-02-01,1960-02-01,1960-01-01
JFM,1960,0.03,1960-01-01,1960-02-01,1960-03-01,1960-03-01,1960-02-01
FMA,1960,0.06,1960-02-01,1960-03-01,1960-04-01,1960-04-01,1960-03-01
MAM,1960,0.17,1960-03-01,1960-04-01,1960-05-01,1960-05-01,1960-04-01
AMJ,1960,0.04,1960-04-01,1960-05-01,1960-06-01,1960-06-01,1960-05-01
MJJ,1960,0.0,1960-05-01,1960-06-01,1960-07-01,1960-07-01,1960-06-01
JJA,1960,0.01,1960-06-01,1960-07-01,1960-08-01,1960-08-01,1960-07-01
JAS,1960,0.15,1960-07-01,1960-08-01,1960-09-01,1960-09-01,1960-08-01
ASO,1960,0.19,1960-08-01,1960-09-01,1960-10-01,1960-10-01,1960-09-01
SON,1960,0.08,1960-09-01,1960-10-01,1960-11-01,1960-11-01,1960-10-01
OND,1960,-0.07,1960-10-01,1960-11-01,1960-12-01,1960-12-01,1960-11-01
NDJ,1960,-0.07,1960-11-01,1960-12-01,1961-01-01,1961-01-01,1960-12-01
DJF,1961,0.0,1960-12-01,1961-01-01,1961-02-01,1961-02-01,1961-01-01
JFM,1961,0.03,1961-01-01,1961-02-01,1961-03-01,1961-03-01,1961-02-01
FMA,1961,0.01,1961-02-01,1961-03-01,1961-04-01,1961-04-01,1961-03-01
MAM,1961,0.05,1961-03-01,1961-04-01,1961-05-01,1961-05-01,1961-04-01
AMJ,1961,0.22,1961-04-01,1961-05-01,1961-06-01,1961-06-01,1961-05-01
MJJ,1961,0.22,1961-05-01,1961-06-01,1961-07-01,1961-07-01,1961-06-01
JJA,1961,0.08,1961-06-01,1961-07-01,1961-08-01,1961-08-01,1961-07-01
JAS,1961,-0.2,1961-07-01,1961-08-01,1961-09-01,1961-09-01,1961-08-01
ASO,1961,-0.32,1961-08-01,1961-09-01,1961-10-01,1961-10-01,1961-09-01
SON,1961,-0.22,1961-09-01,1961-10-01,1961-11-01,1961-11-01,1961-10-01
OND,1961,-0.11,1961-10-01,1961-11-01,1961-12-01,1961-12-01,1961-11-01
NDJ,1961,-0.05,1961-11-01,1961-12-01,1962-01-01,1962-01-01,1961-12-01
DJF,1962,-0.16,1961-12-01,1962-01-01,1962-02-01,1962-02-01,1962-01-01
JFM,1962,-0.17,1962-01-01,1962-02-01,1962-03-01,1962-03-01,1962-02-01
FMA,1962,-0.15,1962-02-01,1962-03-01,1962-04-01,1962-04-01,1962-03-01
MAM,1962,-0.2,1962-03-01,1962-04-01,1962-05-01,1962-05-01,1962-04-01
AMJ,1962,-0.19,1962-04-01,1962-05-01,1962-06-01,1962-06-01,1962-05-01
MJJ,1962,-0.13,1962-05-01,1962-06-01,1962-07-01,1962-07-01,1962-06-01
JJA,1962,0.0,1962-06-01,1962-07-01,1962-08-01,1962-08-01,1962-07-01
JAS,1962,-0.1,1962-07-01,1962-08-01,1962-09-01,1962-09-01,1962-08-01
ASO,1962,-0.16,1962-08-01,1962-09-01,1962-10-01,1962-10-01,1962-09-01
SON,1962,-0.25,1962-09-01,1962-10-01,1962-11-01,1962-11-01,1962-10-01
OND,1962,-0.25,1962-10-01,1962-11-01,1962-12-01,1962-12-01,1962-11-01
NDJ,1962,-0.32,1962-11-01,1962-12-01,1963-01-01,1963-01-01,1962-12-01
DJF,1963,-0.33,1962-12-01,1963-01-01,1963-02-01,1963-02-01,1963-01-01
JFM,1963,-0.17,1963-01-01,1963-02-01,1963-03-01,1963-03-01,1963-02-01
FMA,1963,0.01,1963-02-01,1963-03-01,1963-04-01,1963-04-01,1963-03-01
MAM,1963,0.13,1963-03-01,1963-04-01,1963-05-01,1963-05-01,1963-04-01
AMJ,1963,0.12,1963-04-01,1963-05-01,1963-06-01,1963-06-01,1963-05-01
MJJ,1963,0.45,1963-05-01,1963-06-01,1963-07-01,1963-07-01,1963-06-01
JJA,1963,0.76,1963-06-01,1963-07-01,1963-08-01,1963-08-01,1963-07-01
JAS,1963,1.09,1963-07-01,1963-08-01,1963-09-01,1963-09-01,1963-08-01
ASO,1963,1.09,1963-08-01,1963-09-01,1963-10-01,1963-10-01,1963-09-01
SON,1963,1.13,1963-09-01,1963-10-01,1963-11-01,1963-11-01,1963-10-01
OND,1963,1.19,1963-10-01,1963-11-01,1963-12-01,1963-12-01,1963-11-01
NDJ,1963,1.13,1963-11-01,1963-12-01,1964-01-01,1964-01-01,1963-12-01
DJF,1964,0.95,1963-12-01,1964-01-01,1964-02-01,1964-02-01,1964-01-01
JFM,1964,0.52,1964-01-01,1964-02-01,1964-03-01,1964-03-01,1964-02-01
FMA,1964,0.06,1964-02-01,1964-03-01,1964-04-01,1964-04-01,1964-03-01
MAM,1964,-0.35,1964-03-01,1964-04-01,1964-05-01,1964-05-01,1964-04-01
AMJ,1964,-0.6,1964-04-01,1964-05-01,1964-06-01,1964-06-01,1964-05-01
MJJ,1964,-0.66,1964-05-01,1964-06-01,1964-07-01,1964-07-01,1964-06-01
JJA,1964,-0.67,1964-06-01,1964-07-01,1964-08-01,1964-08-01,1964-07-01
JAS,1964,-0.7,1964-07-01,1964-08-01,1964-09-01,1964-09-01,1964-08-01
ASO,1964,-0.72,1964-08-01,1964-09-01,1964-10-01,1964-10-01,1964-09-01
SON,1964,-0.8,1964-09-01,1964-10-01,1964-11-01,1964-11-01,1964-10-01
OND,1964,-0.79,1964-10-01,1964-11-01,1964-12-01,1964-12-01,1964-11-01
NDJ,1964,-0.75,1964-11-01,1964-12-01,1965-01-01,1965-01-01,1964-12-01
DJF,1965,-0.51,1964-12-01,1965-01-01,1965-02-01,1965-02-01,1965-01-01
JFM,1965,-0.25,1965-01-01,1965-02-01,1965-03-01,1965-03-01,1965-02-01
FMA,1965,-0.04,1965-02-01,1965-03-01,1965-04-01,1965-04-01,1965-03-01
MAM,1965,0.16,1965-03-01,1965-04-01,1965-05-01,1965-05-01,1965-04-01
AMJ,1965,0.47,1965-04-01,1965-05-01,1965-06-01,1965-06-01,1965-05-01
MJJ,1965,0.79,1965-05-01,1965-06-01,1965-07-01,1965-07-01,1965-06-01
JJA,1965,1.1,1965-06-01,1965-07-01,1965-08-01,1965-08-01,1965-07-01
JAS,1965,1.27,1965-07-01,1965-08-01,1965-09-01,1965-09-01,1965-08-01
ASO,1965,1.55,1965-08-01,1965-09-01,1965-10-01,1965-10-01,1965-09-01
SON,1965,1.7,1965-09-01,1965-10-01,1965-11-01,1965-11-01,1965-10-01
OND,1965,1.82,1965-10-01,1965-11-01,1965-12-01,1965-12-01,1965-11-01
NDJ,1965,1.6,1965-11-01,1965-12-01,1966-01-01,1966-01-01,1965-12-01
DJF,1966,1.24,1965-12-01,1966-01-01,1966-02-01,1966-02-01,1966-01-01
JFM,1966,0.95,1966-01-01,1966-02-01,1966-03-01,1966-03-01,1966-02-01
FMA,1966,0.76,1966-02-01,1966-03-01,1966-04-01,1966-04-01,1966-03-01
MAM,1966,0.43,1966-03-01,1966-04-01,1966-05-01,1966-05-01,1966-04-01
AMJ,1966,0.24,1966-04-01,1966-05-01,1966-06-01,1966-06-01,1966-05-01
MJJ,1966,0.18,1966-05-01,1966-06-01,1966-07-01,1966-07-01,1966-06-01
JJA,1966,0.25,1966-06-01,1966-07-01,1966-08-01,1966-08-01,1966-07-01
JAS,1966,0.13,1966-07-01,1966-08-01,1966-09-01,1966-09-01,1966-08-01
ASO,1966,-0.09,1966-08-01,1966-09-01,1966-10-01,1966-10-01,1966-09-01
SON,1966,-0.12,1966-09-01,1966-10-01,1966-11-01,1966-11-01,1966-10-01
OND,1966,-0.23,1966-10-01,1966-11-01,1966-12-01,1966-12-01,1966-11-01
NDJ,1966,-0.35,1966-11-01,1966-12-01,1967-01-01,1967-01-01,1966-12-01
DJF,1967,-0.46,1966-12-01,1967-01-01,1967-02-01,1967-02-01,1967-01-01
JFM,1967,-0.48,1967-01-01,1967-02-01,1967-03-01,1967-03-01,1967-02-01
FMA,1967,-0.5,1967-02-01,1967-03-01,1967-04-01,1967-04-01,1967-03-01
MAM,1967,-0.37,1967-03-01,1967-04-01,1967-05-01,1967-05-01,1967-04-01
AMJ,1967,-0.15,1967-04-01,1967-05-01,1967-06-01,1967-06-01,1967-05-01
MJJ,1967,0.05,1967-05-01,1967-06-01,1967-07-01,1967-07-01,1967-06-01
JJA,1967,-0.02,1967-06-01,1967-07-01,1967-08-01,1967-08-01,1967-07-01
JAS,1967,-0.26,1967-07-01,1967-08-01,1967-09-01,1967-09-01,1967-08-01
ASO,1967,-0.4,1967-08-01,1967-09-01,1967-10-01,1967-10-01,1967-09-01
SON,1967,-0.4,1967-09-01,1967-10-01,1967-11-01,1967-11-01,1967-10-01
OND,1967,-0.36,1967-10-01,1967-11-01,1967-12-01,1967-12-01,1967-11-01
NDJ,1967,-0.42,1967-11-01,1967-12-01,1968-01-01,1968-01-01,1967-12-01
DJF,1968,-0.62,1967-12-01,1968-01-01,1968-02-01,1968-02-01,1968-01-01
JFM,1968,-0.73,1968-01-01,1968-02-01,1968-03-01,1968-03-01,1968-02-01
FMA,1968,-0.63,1968-02-01,1968-03-01,1968-04-01,1968-04-01,1968-03-01
MAM,1968,-0.48,1968-03-01,1968-04-01,1968-05-01,1968-05-01,1968-04-01
AMJ,1968,-0.1,1968-04-01,1968-05-01,1968-06-01,1968-06-01,1968-05-01
MJJ,1968,0.17,1968-05-01,1968-06-01,1968-07-01,1968-07-01,1968-06-01
JJA,1968,0.44,1968-06-01,1968-07-01,1968-08-01,1968-08-01,1968-07-01
JAS,1968,0.38,1968-07-01,1968-08-01,1968-09-01,1968-09-01,1968-08-01
ASO,1968,0.34,1968-08-01,1968-09-01,1968-10-01,1968-10-01,1968-09-01
SON,1968,0.5,1968-09-01,1968-10-01,1968-11-01,1968-11-01,1968-10-01
OND,1968,0.66,1968-10-01,1968-11-01,1968-12-01,1968-12-01,1968-11-01
NDJ,1968,0.93,1968-11-01,1968-12-01,1969-01-01,1969-01-01,1968-12-01
DJF,1969,0.98,1968-12-01,1969-01-01,1969-02-01,1969-02-01,1969-01-01
JFM,1969,0.98,1969-01-01,1969-02-01,1969-03-01,1969-03-01,1969-02-01
FMA,1969,0.77,1969-02-01,1969-03-01,1969-04-01,1969-04-01,1969-03-01
MAM,1969,0.69,1969-03-01,1969-04-01,1969-05-01,1969-05-01,1969-04-01
AMJ,1969,0.62,1969-04-01,1969-05-01,1969-06-01,1969-06-01,1969-05-01
MJJ,1969,0.48,1969-05-01,1969-06-01,1969-07-01,1969-07-01,1969-06-01
JJA,1969,0.37,1969-06-01,1969-07-01,1969-08-01,1969-08-01,1969-07-01
JAS,1969,0.41,1969-07-01,1969-08-01,1969-09-01,1969-09-01,1969-08-01
ASO,1969,0.61,1969-08-01,1969-09-01,1969-10-01,1969-10-01,1969-09-01
SON,1969,0.71,1969-09-01,1969-10-01,1969-11-01,1969-11-01,1969-10-01
OND,1969,0.81,1969-10-01,1969-11-01,1969-12-01,1969-12-01,1969-11-01
NDJ,1969,0.71,1969-11-01,1969-12-01,1970-01-01,1970-01-01,1969-12-01
DJF,1970,0.46,1969-12-01,1970-01-01,1970-02-01,1970-02-01,1970-01-01
JFM,1970,0.23,1970-01-01,1970-02-01,1970-03-01,1970-03-01,1970-02-01
FMA,1970,0.23,1970-02-01,1970-03-01,1970-04-01,1970-04-01,1970-03-01
MAM,1970,0.28,1970-03-01,1970-04-01,1970-05-01,1970-05-01,1970-04-01
AMJ,1970,0.11,1970-04-01,1970-05-01,1970-06-01,1970-06-01,1970-05-01
MJJ,1970,-0.26,1970-05-01,1970-06-01,1970-07-01,1970-07-01,1970-06-01
JJA,1970,-0.55,1970-06-01,1970-07-01,1970-08-01,1970-08-01,1970-07-01
JAS,1970,-0.72,1970-07-01,1970-08-01,1970-09-01,1970-09-01,1970-08-01
ASO,1970,-0.69,1970-08-01,1970-09-01,1970-10-01,1970-10-01,1970-09-01
SON,1970,-0.72,1970-09-01,1970-10-01,1970-11-01,1970-11-01,1970-10-01
OND,1970,-0.78,1970-10-01,1970-11-01,1970-12-01,1970-12-01,1970-11-01
NDJ,1970,-1.1,1970-11-01,1970-12-01,1971-01-01,1971-01-01,1970-12-01
DJF,1971,-1.29,1970-12-01,1971-01-01,1971-02-01,1971-02-01,1971-01-01
JFM,1971,-1.36,1971-01-01,1971-02-01,1971-03-01,1971-03-01,1971-02-01
FMA,1971,-1.08,1971-02-01,1971-03-01,1971-04-01,1971-04-01,1971-03-01
MAM,1971,-0.81,1971-03-01,1971-04-01,1971-05-01,1971-05-01,1971-04-01
AMJ,1971,-0.72,1971-04-01,1971-05-01,1971-06-01,1971-06-01,1971-05-01
MJJ,1971,-0.69,1971-05-01,1971-06-01,1971-07-01,1971-07-01,1971-06-01
JJA,1971,-0.68,1971-06-01,1971-07-01,1971-08-01,1971-08-01,1971-07-01
JAS,1971,-0.6,1971-07-01,1971-08-01,1971-09-01,1971-09-01,1971-08-01
ASO,1971,-0.68,1971-08-01,1971-09-01,1971-10-01,1971-10-01,1971-09-01
SON,1971,-0.78,1971-09-01,1971-10-01,1971-11-01,1971-11-01,1971-10-01
OND,1971,-0.86,1971-10-01,1971-11-01,1971-12-01,1971-12-01,1971-11-01
NDJ,1971,-0.78,1971-11-01,1971-12-01,1972-01-01,1972-01-01,1971-12-01
DJF,1972,-0.57,1971-12-01,1972-01-01,1972-02-01,1972-02-01,1972-01-01
JFM,1972,-0.27,1972-01-01,1972-02-01,1972-03-01,1972-03-01,1972-02-01
FMA,1972,0.04,1972-02-01,1972-03-01,1972-04-01,1972-04-01,1972-03-01
MAM,1972,0.25,1972-03-01,1972-04-01,1972-05-01,1972-05-01,1972-04-01
AMJ,1972,0.48,1972-04-01,1972-05-01,1972-06-01,1972-06-01,1972-05-01
MJJ,1972,0.7,1972-05-01,1972-06-01,1972-07-01,1972-07-01,1972-06-01
JJA,1972,1.0,1972-06-01,1972-07-01,1972-08-01,1972-08-01,1972-07-01
JAS,1972,1.26,1972-07-01,1972-08-01,1972-09-01,1972-09-01,1972-08-01
ASO,1972,1.49,1972-08-01,1972-09-01,1972-10-01,1972-10-01,1972-09-01
SON,1972,1.69,1972-09-01,1972-10-01,1972-11-01,1972-11-01,1972-10-01
OND,1972,1.84,1972-10-01,1972-11-01,1972-12-01,1972-12-01,1972-11-01
NDJ,1972,1.77,1972-11-01,1972-12-01,1973-01-01,1973-01-01,1972-12-01
DJF,1973,1.55,1972-12-01,1973-01-01,1973-02-01,1973-02-01,1973-01-01
JFM,1973,1.13,1973-01-01,1973-02-01,1973-03-01,1973-03-01,1973-02-01
FMA,1973,0.56,1973-02-01,1973-03-01,1973-04-01,1973-04-01,1973-03-01
MAM,1973,-0.03,1973-03-01,1973-04-01,1973-05-01,1973-05-01,1973-04-01
AMJ,1973,-0.51,1973-04-01,1973-05-01,1973-06-01,1973-06-01,1973-05-01
MJJ,1973,-0.8,1973-05-01,1973-06-01,1973-07-01,1973-07-01,1973-06-01
JJA,1973,-0.99,1973-06-01,1973-07-01,1973-08-01,1973-08-01,1973-07-01
JAS,1973,-1.11,1973-07-01,1973-08-01,1973-09-01,1973-09-01,1973-08-01
ASO,1973,-1.26,1973-08-01,1973-09-01,1973-10-01,1973-10-01,1973-09-01
SON,1973,-1.58,1973-09-01,1973-10-01,1973-11-01,1973-11-01,1973-10-01
OND,1973,-1.89,1973-10-01,1973-11-01,1973-12-01,1973-12-01,1973-11-01
NDJ,1973,-2.04,1973-11-01,1973-12-01,1974-01-01,1974-01-01,1973-12-01
DJF,1974,-1.87,1973-12-01,1974-01-01,1974-02-01,1974-02-01,1974-01-01
JFM,1974,-1.59,1974-01-01,1974-02-01,1974-03-01,1974-03-01,1974-02-01
FMA,1974,-1.24,1974-02-01,1974-03-01,1974-04-01,1974-04-01,1974-03-01
MAM,1974,-0.99,1974-03-01,1974-04-01,1974-05-01,1974-05-01,1974-04-01
AMJ,1974,-0.71,1974-04-01,1974-05-01,1974-06-01,1974-06-01,1974-05-01
MJJ,1974,-0.64,1974-05-01,1974-06-01,1974-07-01,1974-07-01,1974-06-01
JJA,1974,-0.46,1974-06-01,1974-07-01,1974-08-01,1974-08-01,1974-07-01
JAS,1974,-0.4,1974-07-01,1974-08-01,1974-09-01,1974-09-01,1974-08-01
ASO,1974,-0.47,1974-08-01,1974-09-01,1974-10-01,1974-10-01,1974-09-01
SON,1974,-0.69,1974-09-01,1974-10-01,1974-11-01,1974-11-01,1974-10-01
OND,1974,-0.88,1974-10-01,1974-11-01,1974-12-01,1974-12-01,1974-11-01
NDJ,1974,-0.71,1974-11-01,1974-12-01,1975-01-01,1975-01-01,1974-12-01
DJF,1975,-0.56,1974-12-01,1975-01-01,1975-02-01,1975-02-01,1975-01-01
JFM,1975,-0.55,1975-01-01,1975-02-01,1975-03-01,1975-03-01,1975-02-01
FMA,1975,-0.61,1975-02-01,1975-03-01,1975-04-01,1975-04-01,1975-03-01
MAM,1975,-0.66,1975-03-01,1975-04-01,1975-05-01,1975-05-01,1975-04-01
AMJ,1975,-0.8,1975-04-01,1975-05-01,1975-06-01,1975-06-01,1975-05-01
MJJ,1975,-0.92,1975-05-01,1975-06-01,1975-07-01,1975-07-01,1975-06-01
JJA,1975,-1.08,1975-06-01,1975-07-01,1975-08-01,1975-08-01,1975-07-01
JAS,1975,-1.12,1975-07-01,1975-08-01,1975-09-01,1975-09-01,1975-08-01
ASO,1975,-1.29,1975-08-01,1975-09-01,1975-10-01,1975-10-01,1975-09-01
SON,1975,-1.32,1975-09-01,1975-10-01,1975-11-01,1975-11-01,1975-10-01
OND,1975,-1.47,1975-10-01,1975-11-01,1975-12-01,1975-12-01,1975-11-01
NDJ,1975,-1.58,1975-11-01,1975-12-01,1976-01-01,1976-01-01,1975-12-01
DJF,1976,-1.49,1975-12-01,1976-01-01,1976-02-01,1976-02-01,1976-01-01
JFM,1976,-1.11,1976-01-01,1976-02-01,1976-03-01,1976-03-01,1976-02-01
FMA,1976,-0.65,1976-02-01,1976-03-01,1976-04-01,1976-04-01,1976-03-01
MAM,1976,-0.45,1976-03-01,1976-04-01,1976-05-01,1976-05-01,1976-04-01
AMJ,1976,-0.23,1976-04-01,1976-05-01,1976-06-01,1976-06-01,1976-05-01
MJJ,1976,0.0,1976-05-01,1976-06-01,1976-07-01,1976-07-01,1976-06-01
JJA,1976,0.23,1976-06-01,1976-07-01,1976-08-01,1976-08-01,1976-07-01
JAS,1976,0.4,1976-07-01,1976-08-01,1976-09-01,1976-09-01,1976-08-01
ASO,1976,0.6,1976-08-01,1976-09-01,1976-10-01,1976-10-01,1976-09-01
SON,1976,0.79,1976-09-01,1976-10-01,1976-11-01,1976-11-01,1976-10-01
OND,1976,0.81,1976-10-01,1976-11-01,1976-12-01,1976-12-01,1976-11-01
NDJ,1976,0.84,1976-11-01,1976-12-01,1977-01-01,1977-01-01,1976-12-01
DJF,1977,0.71,1976-12-01,1977-01-01,1977-02-01,1977-02-01,1977-01-01
JFM,1977,0.66,1977-01-01,1977-02-01,1977-03-01,1977-03-01,1977-02-01
FMA,1977,0.33,1977-02-01,1977-03-01,1977-04-01,1977-04-01,1977-03-01
MAM,1977,0.26,1977-03-01,1977-04-01,1977-05-01,1977-05-01,1977-04-01
AMJ,1977,0.26,1977-04-01,1977-05-01,1977-06-01,1977-06-01,1977-05-01
MJJ,1977,0.46,1977-05-01,1977-06-01,1977-07-01,1977-07-01,1977-06-01
JJA,1977,0.39,1977-06-01,1977-07-01,1977-08-01,1977-08-01,1977-07-01
JAS,1977,0.35,1977-07-01,1977-08-01,1977-09-01,1977-09-01,1977-08-01
ASO,1977,0.45,1977-08-01,1977-09-01,1977-10-01,1977-10-01,1977-09-01
SON,1977,0.68,1977-09-01,1977-10-01,1977-11-01,1977-11-01,1977-10-01
OND,1977,0.84,1977-10-01,1977-11-01,1977-12-01,1977-12-01,1977-11-01
NDJ,1977,0.82,1977-11-01,1977-12-01,1978-01-01,1978-01-01,1977-12-01
DJF,1978,0.71,1977-12-01,1978-01-01,1978-02-01,1978-02-01,1978-01-01
JFM,1978,0.52,1978-01-01,1978-02-01,1978-03-01,1978-03-01,1978-02-01
FMA,1978,0.17,1978-02-01,1978-03-01,1978-04-01,1978-04-01,1978-03-01
MAM,1978,-0.06,1978-03-01,1978-04-01,1978-05-01,1978-05-01,1978-04-01
AMJ,1978,-0.28,1978-04-01,1978-05-01,1978-06-01,1978-06-01,1978-05-01
MJJ,1978,-0.24,1978-05-01,1978-06-01,1978-07-01,1978-07-01,1978-06-01
JJA,1978,-0.37,1978-06-01,1978-07-01,1978-08-01,1978-08-01,1978-07-01
JAS,1978,-0.37,1978-07-01,1978-08-01,1978-09-01,1978-09-01,1978-08-01
ASO,1978,-0.44,1978-08-01,1978-09-01,1978-10-01,1978-10-01,1978-09-01
SON,1978,-0.27,1978-09-01,1978-10-01,1978-11-01,1978-11-01,1978-10-01
OND,1978,-0.07,1978-10-01,1978-11-01,1978-12-01,1978-12-01,1978-11-01
NDJ,1978,0.11,1978-11-01,1978-12-01,1979-01-01,1979-01-01,1978-12-01
DJF,1979,0.19,1978-12-01,1979-01-01,1979-02-01,1979-02-01,1979-01-01
JFM,1979,0.21,1979-01-01,1979-02-01,1979-03-01,1979-03-01,1979-02-01
FMA,1979,0.29,1979-02-01,1979-03-01,1979-04-01,1979-04-01,1979-03-01
MAM,1979,0.32,1979-03-01,1979-04-01,1979-05-01,1979-05-01,1979-04-01
AMJ,1979,0.29,1979-04-01,1979-05-01,1979-06-01,1979-06-01,1979-05-01
MJJ,1979,0.14,1979-05-01,1979-06-01,1979-07-01,1979-07-01,1979-06-01
JJA,1979,0.09,1979-06-01,1979-07-01,1979-08-01,1979-08-01,1979-07-01
JAS,1979,0.22,1979-07-01,1979-08-01,1979-09-01,1979-09-01,1979-08-01
ASO,1979,0.34,1979-08-01,1979-09-01,1979-10-01,1979-10-01,1979-09-01
SON,1979,0.47,1979-09-01,1979-10-01,1979-11-01,1979-11-01,1979-10-01
OND,1979,0.5,1979-10-01,1979-11-01,1979-12-01,1979-12-01,1979-11-01
NDJ,1979,0.64,1979-11-01,1979-12-01,1980-01-01,1980-01-01,1979-12-01
DJF,1980,0.62,1979-12-01,1980-01-01,1980-02-01,1980-02-01,1980-01-01
JFM,1980,0.47,1980-01-01,1980-02-01,1980-03-01,1980-03-01,1980-02-01
FMA,1980,0.35,1980-02-01,1980-03-01,1980-04-01,1980-04-01,1980-03-01
MAM,1980,0.34,1980-03-01,1980-04-01,1980-05-01,1980-05-01,1980-04-01
AMJ,1980,0.45,1980-04-01,1980-05-01,1980-06-01,1980-06-01,1980-05-01
MJJ,1980,0.4,1980-05-01,1980-06-01,1980-07-01,1980-07-01,1980-06-01
JJA,1980,0.18,1980-06-01,1980-07-01,1980-08-01,1980-08-01,1980-07-01
JAS,1980,-0.06,1980-07-01,1980-08-01,1980-09-01,1980-09-01,1980-08-01
ASO,1980,-0.17,1980-08-01,1980-09-01,1980-10-01,1980-10-01,1980-09-01
SON,1980,-0.07,1980-09-01,1980-10-01,1980-11-01,1980-11-01,1980-10-01
OND,1980,0.08,1980-10-01,1980-11-01,1980-12-01,1980-12-01,1980-11-01
NDJ,1980,-0.05,1980-11-01,1980-12-01,1981-01-01,1981-01-01,1980-12-01
DJF,1981,-0.27,1980-12-01,1981-01-01,1981-02-01,1981-02-01,1981-01-01
JFM,1981,-0.42,1981-01-01,1981-02-01,1981-03-01,1981-03-01,1981-02-01
FMA,1981,-0.41,1981-02-01,1981-03-01,1981-04-01,1981-04-01,1981-03-01
MAM,1981,-0.27,1981-03-01,1981-04-01,1981-05-01,1981-05-01,1981-04-01
AMJ,1981,-0.28,1981-04-01,1981-05-01,1981-06-01,1981-06-01,1981-05-01
MJJ,1981,-0.27,1981-05-01,1981-06-01,1981-07-01,1981-07-01,1981-06-01
JJA,1981,-0.28,1981-06-01,1981-07-01,1981-08-01,1981-08-01,1981-07-01
JAS,1981,-0.23,1981-07-01,1981-08-01,1981-09-01,1981-09-01,1981-08-01
ASO,1981,-0.08,1981-08-01,1981-09-01,1981-10-01,1981-10-01,1981-09-01
SON,1981,-0.16,1981-09-01,1981-10-01,1981-11-01,1981-11-01,1981-10-01
OND,1981,-0.19,1981-10-01,1981-11-01,1981-12-01,1981-12-01,1981-11-01
NDJ,1981,-0.14,1981-11-01,1981-12-01,1982-01-01,1982-01-01,1981-12-01
DJF,1982,-0.05,1981-12-01,1982-01-01,1982-02-01,1982-02-01,1982-01-01
JFM,1982,0.02,1982-01-01,1982-02-01,1982-03-01,1982-03-01,1982-02-01
FMA,1982,0.07,1982-02-01,1982-03-01,1982-04-01,1982-04-01,1982-03-01
MAM,1982,0.34,1982-03-01,1982-04-01,1982-05-01,1982-05-01,1982-04-01
AMJ,1982,0.65,1982-04-01,1982-05-01,1982-06-01,1982-06-01,1982-05-01
MJJ,1982,0.73,1982-05-01,1982-06-01,1982-07-01,1982-07-01,1982-06-01
JJA,1982,0.78,1982-06-01,1982-07-01,1982-08-01,1982-08-01,1982-07-01
JAS,1982,0.99,1982-07-01,1982-08-01,1982-09-01,1982-09-01,1982-08-01
ASO,1982,1.45,1982-08-01,1982-09-01,1982-10-01,1982-10-01,1982-09-01
SON,1982,1.82,1982-09-01,1982-10-01,1982-11-01,1982-11-01,1982-10-01
OND,1982,2.03,1982-10-01,1982-11-01,1982-12-01,1982-12-01,1982-11-01
NDJ,1982,2.12,1982-11-01,1982-12-01,1983-01-01,1983-01-01,1982-12-01
DJF,1983,2.14,1982-12-01,1983-01-01,1983-02-01,1983-02-01,1983-01-01
JFM,1983,1.91,1983-01-01,1983-02-01,1983-03-01,1983-03-01,1983-02-01
FMA,1983,1.52,1983-02-01,1983-03-01,1983-04-01,1983-04-01,1983-03-01
MAM,1983,1.23,1983-03-01,1983-04-01,1983-05-01,1983-05-01,1983-04-01
AMJ,1983,0.95,1983-04-01,1983-05-01,1983-06-01,1983-06-01,1983-05-01
MJJ,1983,0.62,1983-05-01,1983-06-01,1983-07-01,1983-07-01,1983-06-01
JJA,1983,0.25,1983-06-01,1983-07-01,1983-08-01,1983-08-01,1983-07-01
JAS,1983,-0.06,1983-07-01,1983-08-01,1983-09-01,1983-09-01,1983-08-01
ASO,1983,-0.43,1983-08-01,1983-09-01,1983-10-01,1983-10-01,1983-09-01
SON,1983,-0.76,1983-09-01,1983-10-01,1983-11-01,1983-11-01,1983-10-01
OND,1983,-0.96,1983-10-01,1983-11-01,1983-12-01,1983-12-01,1983-11-01
NDJ,1983,-0.89,1983-11-01,1983-12-01,1984-01-01,1984-01-01,1983-12-01
DJF,1984,-0.63,1983-12-01,1984-01-01,1984-02-01,1984-02-01,1984-01-01
JFM,1984,-0.51,1984-01-01,1984-02-01,1984-03-01,1984-03-01,1984-02-01
FMA,1984,-0.38,1984-02-01,1984-03-01,1984-04-01,1984-04-01,1984-03-01
MAM,1984,-0.47,1984-03-01,1984-04-01,1984-05-01,1984-05-01,1984-04-01
AMJ,1984,-0.55,1984-04-01,1984-05-01,1984-06-01,1984-06-01,1984-05-01
MJJ,1984,-0.52,1984-05-01,1984-06-01,1984-07-01,1984-07-01,1984-06-01
JJA,1984,-0.39,1984-06-01,1984-07-01,1984-08-01,1984-08-01,1984-07-01
JAS,1984,-0.22,1984-07-01,1984-08-01,1984-09-01,1984-09-01,1984-08-01
ASO,1984,-0.32,1984-08-01,1984-09-01,1984-10-01,1984-10-01,1984-09-01
SON,1984,-0.62,1984-09-01,1984-10-01,1984-11-01,1984-11-01,1984-10-01
OND,1984,-0.95,1984-10-01,1984-11-01,1984-12-01,1984-12-01,1984-11-01
NDJ,1984,-1.06,1984-11-01,1984-12-01,1985-01-01,1985-01-01,1984-12-01
DJF,1985,-1.01,1984-12-01,1985-01-01,1985-02-01,1985-02-01,1985-01-01
JFM,1985,-0.86,1985-01-01,1985-02-01,1985-03-01,1985-03-01,1985-02-01
FMA,1985,-0.85,1985-02-01,1985-03-01,1985-04-01,1985-04-01,1985-03-01
MAM,1985,-0.8,1985-03-01,1985-04-01,1985-05-01,1985-05-01,1985-04-01
AMJ,1985,-0.79,1985-04-01,1985-05-01,1985-06-01,1985-06-01,1985-05-01
MJJ,1985,-0.6,1985-05-01,1985-06-01,1985-07-01,1985-07-01,1985-06-01
JJA,1985,-0.44,1985-06-01,1985-07-01,1985-08-01,1985-08-01,1985-07-01
JAS,1985,-0.33,1985-07-01,1985-08-01,1985-09-01,1985-09-01,1985-08-01
ASO,1985,-0.31,1985-08-01,1985-09-01,1985-10-01,1985-10-01,1985-09-01
SON,1985,-0.3,1985-09-01,1985-10-01,1985-11-01,1985-11-01,1985-10-01
OND,1985,-0.28,1985-10-01,1985-11-01,1985-12-01,1985-12-01,1985-11-01
NDJ,1985,-0.36,1985-11-01,1985-12-01,1986-01-01,1986-01-01,1985-12-01
DJF,1986,-0.4,1985-12-01,1986-01-01,1986-02-01,1986-02-01,1986-01-01
JFM,1986,-0.38,1986-01-01,1986-02-01,1986-03-01,1986-03-01,1986-02-01
FMA,1986,-0.25,1986-02-01,1986-03-01,1986-04-01,1986-04-01,1986-03-01
MAM,1986,-0.17,1986-03-01,1986-04-01,1986-05-01,1986-05-01,1986-04-01
AMJ,1986,-0.09,1986-04-01,1986-05-01,1986-06-01,1986-06-01,1986-05-01
MJJ,1986,0.02,1986-05-01,1986-06-01,1986-07-01,1986-07-01,1986-06-01
JJA,1986,0.24,1986-06-01,1986-07-01,1986-08-01,1986-08-01,1986-07-01
JAS,1986,0.46,1986-07-01,1986-08-01,1986-09-01,1986-09-01,1986-08-01
ASO,1986,0.64,1986-08-01,1986-09-01,1986-10-01,1986-10-01,1986-09-01
SON,1986,0.86,1986-09-01,1986-10-01,1986-11-01,1986-11-01,1986-10-01
OND,1986,1.06,1986-10-01,1986-11-01,1986-12-01,1986-12-01,1986-11-01
NDJ,1986,1.21,1986-11-01,1986-12-01,1987-01-01,1987-01-01,1986-12-01
DJF,1987,1.18,1986-12-01,1987-01-01,1987-02-01,1987-02-01,1987-01-01
JFM,1987,1.13,1987-01-01,1987-02-01,1987-03-01,1987-03-01,1987-02-01
FMA,1987,1.02,1987-02-01,1987-03-01,1987-04-01,1987-04-01,1987-03-01
MAM,1987,0.94,1987-03-01,1987-04-01,1987-05-01,1987-05-01,1987-04-01
AMJ,1987,0.95,1987-04-01,1987-05-01,1987-06-01,1987-06-01,1987-05-01
MJJ,1987,1.11,1987-05-01,1987-06-01,1987-07-01,1987-07-01,1987-06-01
JJA,1987,1.3,1987-06-01,1987-07-01,1987-08-01,1987-08-01,1987-07-01
JAS,1987,1.46,1987-07-01,1987-08-01,1987-09-01,1987-09-01,1987-08-01
ASO,1987,1.49,1987-08-01,1987-09-01,1987-10-01,1987-10-01,1987-09-01
SON,1987,1.41,1987-09-01,1987-10-01,1987-11-01,1987-11-01,1987-10-01
OND,1987,1.2,1987-10-01,1987-11-01,1987-12-01,1987-12-01,1987-11-01
NDJ,1987,1.0,1987-11-01,1987-12-01,1988-01-01,1988-01-01,1987-12-01
DJF,1988,0.63,1987-12-01,1988-01-01,1988-02-01,1988-02-01,1988-01-01
JFM,1988,0.37,1988-01-01,1988-02-01,1988-03-01,1988-03-01,1988-02-01
FMA,1988,-0.03,1988-02-01,1988-03-01,1988-04-01,1988-04-01,1988-03-01
MAM,1988,-0.45,1988-03-01,1988-04-01,1988-05-01,1988-05-01,1988-04-01
AMJ,1988,-0.99,1988-04-01,1988-05-01,1988-06-01,1988-06-01,1988-05-01
MJJ,1988,-1.3,1988-05-01,1988-06-01,1988-07-01,1988-07-01,1988-06-01
JJA,1988,-1.3,1988-06-01,1988-07-01,1988-08-01,1988-08-01,1988-07-01
JAS,1988,-1.14,1988-07-01,1988-08-01,1988-09-01,1988-09-01,1988-08-01
ASO,1988,-1.27,1988-08-01,1988-09-01,1988-10-01,1988-10-01,1988-09-01
SON,1988,-1.54,1988-09-01,1988-10-01,1988-11-01,1988-11-01,1988-10-01
OND,1988,-1.81,1988-10-01,1988-11-01,1988-12-01,1988-12-01,1988-11-01
NDJ,1988,-1.85,1988-11-01,1988-12-01,1989-01-01,1989-01-01,1988-12-01
DJF,1989,-1.64,1988-12-01,1989-01-01,1989-02-01,1989-02-01,1989-01-01
JFM,1989,-1.38,1989-01-01,1989-02-01,1989-03-01,1989-03-01,1989-02-01
FMA,1989,-1.09,1989-02-01,1989-03-01,1989-04-01,1989-04-01,1989-03-01
MAM,1989,-0.85,1989-03-01,1989-04-01,1989-05-01,1989-05-01,1989-04-01
AMJ,1989,-0.61,1989-04-01,1989-05-01,1989-06-01,1989-06-01,1989-05-01
MJJ,1989,-0.4,1989-05-01,1989-06-01,1989-07-01,1989-07-01,1989-06-01
JJA,1989,-0.37,1989-06-01,1989-07-01,1989-08-01,1989-08-01,1989-07-01
JAS,1989,-0.36,1989-07-01,1989-08-01,1989-09-01,1989-09-01,1989-08-01
ASO,1989,-0.33,1989-08-01,1989-09-01,1989-10-01,1989-10-01,1989-09-01
SON,1989,-0.25,1989-09-01,1989-10-01,1989-11-01,1989-11-01,1989-10-01
OND,1989,-0.12,1989-10-01,1989-11-01,1989-12-01,1989-12-01,1989-11-01
NDJ,1989,-0.04,1989-11-01,1989-12-01,1990-01-01,1990-01-01,1989-12-01
DJF,1990,0.18,1989-12-01,1990-01-01,1990-02-01,1990-02-01,1990-01-01
JFM,1990,0.19,1990-01-01,1990-02-01,1990-03-01,1990-03-01,1990-02-01
FMA,1990,0.3,1990-02-01,1990-03-01,1990-04-01,1990-04-01,1990-03-01
MAM,1990,0.27,1990-03-01,1990-04-01,1990-05-01,1990-05-01,1990-04-01
AMJ,1990,0.25,1990-04-01,1990-05-01,1990-06-01,1990-06-01,1990-05-01
MJJ,1990,0.25,1990-05-01,1990-06-01,1990-07-01,1990-07-01,1990-06-01
JJA,1990,0.26,1990-06-01,1990-07-01,1990-08-01,1990-08-01,1990-07-01
JAS,1990,0.32,1990-07-01,1990-08-01,1990-09-01,1990-09-01,1990-08-01
ASO,1990,0.31,1990-08-01,1990-09-01,1990-10-01,1990-10-01,1990-09-01
SON,1990,0.27,1990-09-01,1990-10-01,1990-11-01,1990-11-01,1990-10-01
OND,1990,0.31,1990-10-01,1990-11-01,1990-12-01,1990-12-01,1990-11-01
NDJ,1990,0.34,1990-11-01,1990-12-01,1991-01-01,1991-01-01,1990-12-01
DJF,1991,0.35,1990-12-01,1991-01-01,1991-02-01,1991-02-01,1991-01-01
JFM,1991,0.26,1991-01-01,1991-02-01,1991-03-01,1991-03-01,1991-02-01
FMA,1991,0.23,1991-02-01,1991-03-01,1991-04-01,1991-04-01,1991-03-01
MAM,1991,0.29,1991-03-01,1991-04-01,1991-05-01,1991-05-01,1991-04-01
AMJ,1991,0.49,1991-04-01,1991-05-01,1991-06-01,1991-06-01,1991-05-01
MJJ,1991,0.63,1991-05-01,1991-06-01,1991-07-01,1991-07-01,1991-06-01
JJA,1991,0.77,1991-06-01,1991-07-01,1991-08-01,1991-08-01,1991-07-01
JAS,1991,0.67,1991-07-01,1991-08-01,1991-09-01,1991-09-01,1991-08-01
ASO,1991,0.72,1991-08-01,1991-09-01,1991-10-01,1991-10-01,1991-09-01
SON,1991,0.83,1991-09-01,1991-10-01,1991-11-01,1991-11-01,1991-10-01
OND,1991,1.18,1991-10-01,1991-11-01,1991-12-01,1991-12-01,1991-11-01
NDJ,1991,1.43,1991-11-01,1991-12-01,1992-01-01,1992-01-01,1991-12-01
DJF,1992,1.54,1991-12-01,1992-01-01,1992-02-01,1992-02-01,1992-01-01
JFM,1992,1.5,1992-01-01,1992-02-01,1992-03-01,1992-03-01,1992-02-01
FMA,1992,1.4,1992-02-01,1992-03-01,1992-04-01,1992-04-01,1992-03-01
MAM,1992,1.3,1992-03-01,1992-04-01,1992-05-01,1992-05-01,1992-04-01
AMJ,1992,1.08,1992-04-01,1992-05-01,1992-06-01,1992-06-01,1992-05-01
MJJ,1992,0.72,1992-05-01,1992-06-01,1992-07-01,1992-07-01,1992-06-01
JJA,1992,0.35,1992-06-01,1992-07-01,1992-08-01,1992-08-01,1992-07-01
JAS,1992,0.08,1992-07-01,1992-08-01,1992-09-01,1992-09-01,1992-08-01
ASO,1992,-0.15,1992-08-01,1992-09-01,1992-10-01,1992-10-01,1992-09-01
SON,1992,-0.22,1992-09-01,1992-10-01,1992-11-01,1992-11-01,1992-10-01
OND,1992,-0.24,1992-10-01,1992-11-01,1992-12-01,1992-12-01,1992-11-01
NDJ,1992,-0.05,1992-11-01,1992-12-01,1993-01-01,1993-01-01,1992-12-01
DJF,1993,0.13,1992-12-01,1993-01-01,1993-02-01,1993-02-01,1993-01-01
JFM,1993,0.31,1993-01-01,1993-02-01,1993-03-01,1993-03-01,1993-02-01
FMA,1993,0.5,1993-02-01,1993-03-01,1993-04-01,1993-04-01,1993-03-01
MAM,1993,0.73,1993-03-01,1993-04-01,1993-05-01,1993-05-01,1993-04-01
AMJ,1993,0.76,1993-04-01,1993-05-01,1993-06-01,1993-06-01,1993-05-01
MJJ,1993,0.56,1993-05-01,1993-06-01,1993-07-01,1993-07-01,1993-06-01
JJA,1993,0.28,1993-06-01,1993-07-01,1993-08-01,1993-08-01,1993-07-01
JAS,1993,0.22,1993-07-01,1993-08-01,1993-09-01,1993-09-01,1993-08-01
ASO,1993,0.2,1993-08-01,1993-09-01,1993-10-01,1993-10-01,1993-09-01
SON,1993,0.2,1993-09-01,1993-10-01,1993-11-01,1993-11-01,1993-10-01
OND,1993,0.2,1993-10-01,1993-11-01,1993-12-01,1993-12-01,1993-11-01
NDJ,1993,0.19,1993-11-01,1993-12-01,1994-01-01,1994-01-01,1993-12-01
DJF,1994,0.07,1993-12-01,1994-01-01,1994-02-01,1994-02-01,1994-01-01
JFM,1994,0.0,1994-01-01,1994-02-01,1994-03-01,1994-03-01,1994-02-01
FMA,1994,0.04,1994-02-01,1994-03-01,1994-04-01,1994-04-01,1994-03-01
MAM,1994,0.17,1994-03-01,1994-04-01,1994-05-01,1994-05-01,1994-04-01
AMJ,1994,0.25,1994-04-01,1994-05-01,1994-06-01,1994-06-01,1994-05-01
MJJ,1994,0.23,1994-05-01,1994-06-01,1994-07-01,1994-07-01,1994-06-01
JJA,1994,0.3,1994-06-01,1994-07-01,1994-08-01,1994-08-01,1994-07-01
JAS,1994,0.3,1994-07-01,1994-08-01,1994-09-01,1994-09-01,1994-08-01
ASO,1994,0.47,1994-08-01,1994-09-01,1994-10-01,1994-10-01,1994-09-01
SON,1994,0.66,1994-09-01,1994-10-01,1994-11-01,1994-11-01,1994-10-01
OND,1994,0.93,1994-10-01,1994-11-01,1994-12-01,1994-12-01,1994-11-01
NDJ,1994,0.97,1994-11-01,1994-12-01,1995-01-01,1995-01-01,1994-12-01
DJF,1995,0.88,1994-12-01,1995-01-01,1995-02-01,1995-02-01,1995-01-01
JFM,1995,0.65,1995-01-01,1995-02-01,1995-03-01,1995-03-01,1995-02-01
FMA,1995,0.46,1995-02-01,1995-03-01,1995-04-01,1995-04-01,1995-03-01
MAM,1995,0.19,1995-03-01,1995-04-01,1995-05-01,1995-05-01,1995-04-01
AMJ,1995,0.03,1995-04-01,1995-05-01,1995-06-01,1995-06-01,1995-05-01
MJJ,1995,-0.11,1995-05-01,1995-06-01,1995-07-01,1995-07-01,1995-06-01
JJA,1995,-0.3,1995-06-01,1995-07-01,1995-08-01,1995-08-01,1995-07-01
JAS,1995,-0.55,1995-07-01,1995-08-01,1995-09-01,1995-09-01,1995-08-01
ASO,1995,-0.81,1995-08-01,1995-09-01,1995-10-01,1995-10-01,1995-09-01
SON,1995,-0.97,1995-09-01,1995-10-01,1995-11-01,1995-11-01,1995-10-01
OND,1995,-1.05,1995-10-01,1995-11-01,1995-12-01,1995-12-01,1995-11-01
NDJ,1995,-1.01,1995-11-01,1995-12-01,1996-01-01,1996-01-01,1995-12-01
DJF,1996,-0.88,1995-12-01,1996-01-01,1996-02-01,1996-02-01,1996-01-01
JFM,1996,-0.7,1996-01-01,1996-02-01,1996-03-01,1996-03-01,1996-02-01
FMA,1996,-0.52,1996-02-01,1996-03-01,1996-04-01,1996-04-01,1996-03-01
MAM,1996,-0.36,1996-03-01,1996-04-01,1996-05-01,1996-05-01,1996-04-01
AMJ,1996,-0.25,1996-04-01,1996-05-01,1996-06-01,1996-06-01,1996-05-01
MJJ,1996,-0.24,1996-05-01,1996-06-01,1996-07-01,1996-07-01,1996-06-01
JJA,1996,-0.22,1996-06-01,1996-07-01,1996-08-01,1996-08-01,1996-07-01
JAS,1996,-0.27,1996-07-01,1996-08-01,1996-09-01,1996-09-01,1996-08-01
ASO,1996,-0.3,1996-08-01,1996-09-01,1996-10-01,1996-10-01,1996-09-01
SON,1996,-0.33,1996-09-01,1996-10-01,1996-11-01,1996-11-01,1996-10-01
OND,1996,-0.39,1996-10-01,1996-11-01,1996-12-01,1996-12-01,1996-11-01
NDJ,1996,-0.41,1996-11-01,1996-12-01,1997-01-01,1997-01-01,1996-12-01
DJF,1997,-0.41,1996-12-01,1997-01-01,1997-02-01,1997-02-01,1997-01-01
JFM,1997,-0.26,1997-01-01,1997-02-01,1997-03-01,1997-03-01,1997-02-01
FMA,1997,-0.03,1997-02-01,1997-03-01,1997-04-01,1997-04-01,1997-03-01
MAM,1997,0.3,1997-03-01,1997-04-01,1997-05-01,1997-05-01,1997-04-01
AMJ,1997,0.71,1997-04-01,1997-05-01,1997-06-01,1997-06-01,1997-05-01
MJJ,1997,1.13,1997-05-01,1997-06-01,1997-07-01,1997-07-01,1997-06-01
JJA,1997,1.48,1997-06-01,1997-07-01,1997-08-01,1997-08-01,1997-07-01
JAS,1997,1.79,1997-07-01,1997-08-01,1997-09-01,1997-09-01,1997-08-01
ASO,1997,2.04,1997-08-01,1997-09-01,1997-10-01,1997-10-01,1997-09-01
SON,1997,2.24,1997-09-01,1997-10-01,1997-11-01,1997-11-01,1997-10-01
OND,1997,2.34,1997-10-01,1997-11-01,1997-12-01,1997-12-01,1997-11-01
NDJ,1997,2.37,1997-11-01,1997-12-01,1998-01-01,1998-01-01,1997-12-01
DJF,1998,2.22,1997-12-01,1998-01-01,1998-02-01,1998-02-01,1998-01-01
JFM,1998,1.91,1998-01-01,1998-02-01,1998-03-01,1998-03-01,1998-02-01
FMA,1998,1.4,1998-02-01,1998-03-01,1998-04-01,1998-04-01,1998-03-01
MAM,1998,1.03,1998-03-01,1998-04-01,1998-05-01,1998-05-01,1998-04-01
AMJ,1998,0.4,1998-04-01,1998-05-01,1998-06-01,1998-06-01,1998-05-01
MJJ,1998,-0.08,1998-05-01,1998-06-01,1998-07-01,1998-07-01,1998-06-01
JJA,1998,-0.63,1998-06-01,1998-07-01,1998-08-01,1998-08-01,1998-07-01
JAS,1998,-0.83,1998-07-01,1998-08-01,1998-09-01,1998-09-01,1998-08-01
ASO,1998,-1.02,1998-08-01,1998-09-01,1998-10-01,1998-10-01,1998-09-01
SON,1998,-1.12,1998-09-01,1998-10-01,1998-11-01,1998-11-01,1998-10-01
OND,1998,-1.31,1998-10-01,1998-11-01,1998-12-01,1998-12-01,1998-11-01
NDJ,1998,-1.47,1998-11-01,1998-12-01,1999-01-01,1999-01-01,1998-12-01
DJF,1999,-1.51,1998-12-01,1999-01-01,1999-02-01,1999-02-01,1999-01-01
JFM,1999,-1.25,1999-01-01,1999-02-01,1999-03-01,1999-03-01,1999-02-01
FMA,1999,-0.93,1999-02-01,1999-03-01,1999-04-01,1999-04-01,1999-03-01
MAM,1999,-0.8,1999-03-01,1999-04-01,1999-05-01,1999-05-01,1999-04-01
AMJ,1999,-0.79,1999-04-01,1999-05-01,1999-06-01,1999-06-01,1999-05-01
MJJ,1999,-0.84,1999-05-01,1999-06-01,1999-07-01,1999-07-01,1999-06-01
JJA,1999,-0.9,1999-06-01,1999-07-01,1999-08-01,1999-08-01,1999-07-01
JAS,1999,-0.94,1999-07-01,1999-08-01,1999-09-01,1999-09-01,1999-08-01
ASO,1999,-1.0,1999-08-01,1999-09-01,1999-10-01,1999-10-01,1999-09-01
SON,1999,-1.13,1999-09-01,1999-10-01,1999-11-01,1999-11-01,1999-10-01
OND,1999,-1.35,1999-10-01,1999-11-01,1999-12-01,1999-12-01,1999-11-01
NDJ,1999,-1.53,1999-11-01,1999-12-01,2000-01-01,2000-01-01,1999-12-01
DJF,2000,-1.47,1999-12-01,2000-01-01,2000-02-01,2000-02-01,2000-01-01
JFM,2000,-1.26,2000-01-01,2000-02-01,2000-03-01,2000-03-01,2000-02-01
FMA,2000,-0.98,2000-02-01,2000-03-01,2000-04-01,2000-04-01,2000-03-01
MAM,2000,-0.81,2000-03-01,2000-04-01,2000-05-01,2000-05-01,2000-04-01
AMJ,2000,-0.67,2000-04-01,2000-05-01,2000-06-01,2000-06-01,2000-05-01
MJJ,2000,-0.62,2000-05-01,2000-06-01,2000-07-01,2000-07-01,2000-06-01
JJA,2000,-0.48,2000-06-01,2000-07-01,2000-08-01,2000-08-01,2000-07-01
JAS,2000,-0.4,2000-07-01,2000-08-01,2000-09-01,2000-09-01,2000-08-01
ASO,2000,-0.42,2000-08-01,2000-09-01,2000-10-01,2000-10-01,2000-09-01
SON,2000,-0.54,2000-09-01,2000-10-01,2000-11-01,2000-11-01,2000-10-01
OND,2000,-0.76,2000-10-01,2000-11-01,2000-12-01,2000-12-01,2000-11-01
NDJ,2000,-0.78,2000-11-01,2000-12-01,2001-01-01,2001-01-01,2000-12-01
DJF,2001,-0.76,2000-12-01,2001-01-01,2001-02-01,2001-02-01,2001-01-01
JFM,2001,-0.54,2001-01-01,2001-02-01,2001-03-01,2001-03-01,2001-02-01
FMA,2001,-0.43,2001-02-01,2001-03-01,2001-04-01,2001-04-01,2001-03-01
MAM,2001,-0.29,2001-03-01,2001-04-01,2001-05-01,2001-05-01,2001-04-01
AMJ,2001,-0.19,2001-04-01,2001-05-01,2001-06-01,2001-06-01,2001-05-01
MJJ,2001,-0.08,2001-05-01,2001-06-01,2001-07-01,2001-07-01,2001-06-01
JJA,2001,-0.05,2001-06-01,2001-07-01,2001-08-01,2001-08-01,2001-07-01
JAS,2001,-0.13,2001-07-01,2001-08-01,2001-09-01,2001-09-01,2001-08-01
ASO,2001,-0.15,2001-08-01,2001-09-01,2001-10-01,2001-10-01,2001-09-01
SON,2001,-0.26,2001-09-01,2001-10-01,2001-11-01,2001-11-01,2001-10-01
OND,2001,-0.33,2001-10-01,2001-11-01,2001-12-01,2001-12-01,2001-11-01
NDJ,2001,-0.32,2001-11-01,2001-12-01,2002-01-01,2002-01-01,2001-12-01
DJF,2002,-0.15,2001-12-01,2002-01-01,2002-02-01,2002-02-01,2002-01-01
JFM,2002,0.07,2002-01-01,2002-02-01,2002-03-01,2002-03-01,2002-02-01
FMA,2002,0.11,2002-02-01,2002-03-01,2002-04-01,2002-04-01,2002-03-01
MAM,2002,0.15,2002-03-01,2002-04-01,2002-05-01,2002-05-01,2002-04-01
AMJ,2002,0.3,2002-04-01,2002-05-01,2002-06-01,2002-06-01,2002-05-01
MJJ,2002,0.45,2002-05-01,2002-06-01,2002-07-01,2002-07-01,2002-06-01
JJA,2002,0.57,2002-06-01,2002-07-01,2002-08-01,2002-08-01,2002-07-01
JAS,2002,0.63,2002-07-01,2002-08-01,2002-09-01,2002-09-01,2002-08-01
ASO,2002,0.78,2002-08-01,2002-09-01,2002-10-01,2002-10-01,2002-09-01
SON,2002,0.99,2002-09-01,2002-10-01,2002-11-01,2002-11-01,2002-10-01
OND,2002,1.19,2002-10-01,2002-11-01,2002-12-01,2002-12-01,2002-11-01
NDJ,2002,1.08,2002-11-01,2002-12-01,2003-01-01,2003-01-01,2002-12-01
DJF,2003,0.9,2002-12-01,2003-01-01,2003-02-01,2003-02-01,2003-01-01
JFM,2003,0.59,2003-01-01,2003-02-01,2003-03-01,2003-03-01,2003-02-01
FMA,2003,0.38,2003-02-01,2003-03-01,2003-04-01,2003-04-01,2003-03-01
MAM,2003,-0.01,2003-03-01,2003-04-01,2003-05-01,2003-05-01,2003-04-01
AMJ,2003,-0.18,2003-04-01,2003-05-01,2003-06-01,2003-06-01,2003-05-01
MJJ,2003,-0.13,2003-05-01,2003-06-01,2003-07-01,2003-07-01,2003-06-01
JJA,2003,0.09,2003-06-01,2003-07-01,2003-08-01,2003-08-01,2003-07-01
JAS,2003,0.14,2003-07-01,2003-08-01,2003-09-01,2003-09-01,2003-08-01
ASO,2003,0.23,2003-08-01,2003-09-01,2003-10-01,2003-10-01,2003-09-01
SON,2003,0.23,2003-09-01,2003-10-01,2003-11-01,2003-11-01,2003-10-01
OND,2003,0.29,2003-10-01,2003-11-01,2003-12-01,2003-12-01,2003-11-01
NDJ,2003,0.29,2003-11-01,2003-12-01,2004-01-01,2004-01-01,2003-12-01
DJF,2004,0.34,2003-12-01,2004-01-01,2004-02-01,2004-02-01,2004-01-01
JFM,2004,0.27,2004-01-01,2004-02-01,2004-03-01,2004-03-01,2004-02-01
FMA,2004,0.19,2004-02-01,2004-03-01,2004-04-01,2004-04-01,2004-03-01
MAM,2004,0.1,2004-03-01,2004-04-01,2004-05-01,2004-05-01,2004-04-01
AMJ,2004,0.12,2004-04-01,2004-05-01,2004-06-01,2004-06-01,2004-05-01
MJJ,2004,0.22,2004-05-01,2004-06-01,2004-07-01,2004-07-01,2004-06-01
JJA,2004,0.39,2004-06-01,2004-07-01,2004-08-01,2004-08-01,2004-07-01
JAS,2004,0.54,2004-07-01,2004-08-01,2004-09-01,2004-09-01,2004-08-01
ASO,2004,0.58,2004-08-01,2004-09-01,2004-10-01,2004-10-01,2004-09-01
SON,2004,0.61,2004-09-01,2004-10-01,2004-11-01,2004-11-01,2004-10-01
OND,2004,0.64,2004-10-01,2004-11-01,2004-12-01,2004-12-01,2004-11-01
NDJ,2004,0.71,2004-11-01,2004-12-01,2005-01-01,2005-01-01,2004-12-01
DJF,2005,0.62,2004-12-01,2005-01-01,2005-02-01,2005-02-01,2005-01-01
JFM,2005,0.55,2005-01-01,2005-02-01,2005-03-01,2005-03-01,2005-02-01
FMA,2005,0.4,2005-02-01,2005-03-01,2005-04-01,2005-04-01,2005-03-01
MAM,2005,0.37,2005-03-01,2005-04-01,2005-05-01,2005-05-01,2005-04-01
AMJ,2005,0.27,2005-04-01,2005-05-01,2005-06-01,2005-06-01,2005-05-01
MJJ,2005,0.09,2005-05-01,2005-06-01,2005-07-01,2005-07-01,2005-06-01
JJA,2005,-0.04,2005-06-01,2005-07-01,2005-08-01,2005-08-01,2005-07-01
JAS,2005,-0.14,2005-07-01,2005-08-01,2005-09-01,2005-09-01,2005-08-01
ASO,2005,-0.11,2005-08-01,2005-09-01,2005-10-01,2005-10-01,2005-09-01
SON,2005,-0.27,2005-09-01,2005-10-01,2005-11-01,2005-11-01,2005-10-01
OND,2005,-0.57,2005-10-01,2005-11-01,2005-12-01,2005-12-01,2005-11-01
NDJ,2005,-0.82,2005-11-01,2005-12-01,2006-01-01,2006-01-01,2005-12-01
DJF,2006,-0.86,2005-12-01,2006-01-01,2006-02-01,2006-02-01,2006-01-01
JFM,2006,-0.8,2006-01-01,2006-02-01,2006-03-01,2006-03-01,2006-02-01
FMA,2006,-0.63,2006-02-01,2006-03-01,2006-04-01,2006-04-01,2006-03-01
MAM,2006,-0.45,2006-03-01,2006-04-01,2006-05-01,2006-05-01,2006-04-01
AMJ,2006,-0.19,2006-04-01,2006-05-01,2006-06-01,2006-06-01,2006-05-01
MJJ,2006,-0.05,2006-05-01,2006-06-01,2006-07-01,2006-07-01,2006-06-01
JJA,2006,0.12,2006-06-01,2006-07-01,2006-08-01,2006-08-01,2006-07-01
JAS,2006,0.33,2006-07-01,2006-08-01,2006-09-01,2006-09-01,2006-08-01
ASO,2006,0.54,2006-08-01,2006-09-01,2006-10-01,2006-10-01,2006-09-01
SON,2006,0.71,2006-09-01,2006-10-01,2006-11-01,2006-11-01,2006-10-01
OND,2006,0.88,2006-10-01,2006-11-01,2006-12-01,2006-12-01,2006-11-01
NDJ,2006,0.88,2006-11-01,2006-12-01,2007-01-01,2007-01-01,2006-12-01
DJF,2007,0.62,2006-12-01,2007-01-01,2007-02-01,2007-02-01,2007-01-01
JFM,2007,0.19,2007-01-01,2007-02-01,2007-03-01,2007-03-01,2007-02-01
FMA,2007,-0.12,2007-02-01,2007-03-01,2007-04-01,2007-04-01,2007-03-01
MAM,2007,-0.32,2007-03-01,2007-04-01,2007-05-01,2007-05-01,2007-04-01
AMJ,2007,-0.34,2007-04-01,2007-05-01,2007-06-01,2007-06-01,2007-05-01
MJJ,2007,-0.41,2007-05-01,2007-06-01,2007-07-01,2007-07-01,2007-06-01
JJA,2007,-0.49,2007-06-01,2007-07-01,2007-08-01,2007-08-01,2007-07-01
JAS,2007,-0.77,2007-07-01,2007-08-01,2007-09-01,2007-09-01,2007-08-01
ASO,2007,-1.05,2007-08-01,2007-09-01,2007-10-01,2007-10-01,2007-09-01
SON,2007,-1.38,2007-09-01,2007-10-01,2007-11-01,2007-11-01,2007-10-01
OND,2007,-1.57,2007-10-01,2007-11-01,2007-12-01,2007-12-01,2007-11-01
NDJ,2007,-1.72,2007-11-01,2007-12-01,2008-01-01,2008-01-01,2007-12-01
DJF,2008,-1.76,2007-12-01,2008-01-01,2008-02-01,2008-02-01,2008-01-01
JFM,2008,-1.61,2008-01-01,2008-02-01,2008-03-01,2008-03-01,2008-02-01
FMA,2008,-1.37,2008-02-01,2008-03-01,2008-04-01,2008-04-01,2008-03-01
MAM,2008,-1.05,2008-03-01,2008-04-01,2008-05-01,2008-05-01,2008-04-01
AMJ,2008,-0.85,2008-04-01,2008-05-01,2008-06-01,2008-06-01,2008-05-01
MJJ,2008,-0.56,2008-05-01,2008-06-01,2008-07-01,2008-07-01,2008-06-01
JJA,2008,-0.33,2008-06-01,2008-07-01,2008-08-01,2008-08-01,2008-07-01
JAS,2008,-0.2,2008-07-01,2008-08-01,2008-09-01,2008-09-01,2008-08-01
ASO,2008,-0.25,2008-08-01,2008-09-01,2008-10-01,2008-10-01,2008-09-01
SON,2008,-0.36,2008-09-01,2008-10-01,2008-11-01,2008-11-01,2008-10-01
OND,2008,-0.57,2008-10-01,2008-11-01,2008-12-01,2008-12-01,2008-11-01
NDJ,2008,-0.79,2008-11-01,2008-12-01,2009-01-01,2009-01-01,2008-12-01
DJF,2009,-0.89,2008-12-01,2009-01-01,2009-02-01,2009-02-01,2009-01-01
JFM,2009,-0.84,2009-01-01,2009-02-01,2009-03-01,2009-03-01,2009-02-01
FMA,2009,-0.63,2009-02-01,2009-03-01,2009-04-01,2009-04-01,2009-03-01
MAM,2009,-0.35,2009-03-01,2009-04-01,2009-05-01,2009-05-01,2009-04-01
AMJ,2009,0.03,2009-04-01,2009-05-01,2009-06-01,2009-06-01,2009-05-01
MJJ,2009,0.34,2009-05-01,2009-06-01,2009-07-01,2009-07-01,2009-06-01
JJA,2009,0.5,2009-06-01,2009-07-01,2009-08-01,2009-08-01,2009-07-01
JAS,2009,0.56,2009-07-01,2009-08-01,2009-09-01,2009-09-01,2009-08-01
ASO,2009,0.66,2009-08-01,2009-09-01,2009-10-01,2009-10-01,2009-09-01
SON,2009,0.92,2009-09-01,2009-10-01,2009-11-01,2009-11-01,2009-10-01
OND,2009,1.31,2009-10-01,2009-11-01,2009-12-01,2009-12-01,2009-11-01
NDJ,2009,1.5,2009-11-01,2009-12-01,2010-01-01,2010-01-01,2009-12-01
DJF,2010,1.47,2009-12-01,2010-01-01,2010-02-01,2010-02-01,2010-01-01
JFM,2010,1.21,2010-01-01,2010-02-01,2010-03-01,2010-03-01,2010-02-01
FMA,2010,0.88,2010-02-01,2010-03-01,2010-04-01,2010-04-01,2010-03-01
MAM,2010,0.38,2010-03-01,2010-04-01,2010-05-01,2010-05-01,2010-04-01
AMJ,2010,-0.16,2010-04-01,2010-05-01,2010-06-01,2010-06-01,2010-05-01
MJJ,2010,-0.66,2010-05-01,2010-06-01,2010-07-01,2010-07-01,2010-06-01
JJA,2010,-0.98,2010-06-01,2010-07-01,2010-08-01,2010-08-01,2010-07-01
JAS,2010,-1.24,2010-07-01,2010-08-01,2010-09-01,2010-09-01,2010-08-01
ASO,2010,-1.43,2010-08-01,2010-09-01,2010-10-01,2010-10-01,2010-09-01
SON,2010,-1.54,2010-09-01,2010-10-01,2010-11-01,2010-11-01,2010-10-01
OND,2010,-1.57,2010-10-01,2010-11-01,2010-12-01,2010-12-01,2010-11-01
NDJ,2010,-1.48,2010-11-01,2010-12-01,2011-01-01,2011-01-01,2010-12-01
DJF,2011,-1.29,2010-12-01,2011-01-01,2011-02-01,2011-02-01,2011-01-01
JFM,2011,-1.06,2011-01-01,2011-02-01,2011-03-01,2011-03-01,2011-02-01
FMA,2011,-0.85,2011-02-01,2011-03-01,2011-04-01,2011-04-01,2011-03-01
MAM,2011,-0.68,2011-03-01,2011-04-01,2011-05-01,2011-05-01,2011-04-01
AMJ,2011,-0.5,2011-04-01,2011-05-01,2011-06-01,2011-06-01,2011-05-01
MJJ,2011,-0.34,2011-05-01,2011-06-01,2011-07-01,2011-07-01,2011-06-01
JJA,2011,-0.37,2011-06-01,2011-07-01,2011-08-01,2011-08-01,2011-07-01
JAS,2011,-0.5,2011-07-01,2011-08-01,2011-09-01,2011-09-01,2011-08-01
ASO,2011,-0.76,2011-08-01,2011-09-01,2011-10-01,2011-10-01,2011-09-01
SON,2011,-0.94,2011-09-01,2011-10-01,2011-11-01,2011-11-01,2011-10-01
OND,2011,-1.02,2011-10-01,2011-11-01,2011-12-01,2011-12-01,2011-11-01
NDJ,2011,-0.92,2011-11-01,2011-12-01,2012-01-01,2012-01-01,2011-12-01
DJF,2012,-0.71,2011-12-01,2012-01-01,2012-02-01,2012-02-01,2012-01-01
JFM,2012,-0.56,2012-01-01,2012-02-01,2012-03-01,2012-03-01,2012-02-01
FMA,2012,-0.44,2012-02-01,2012-03-01,2012-04-01,2012-04-01,2012-03-01
MAM,2012,-0.35,2012-03-01,2012-04-01,2012-05-01,2012-05-01,2012-04-01
AMJ,2012,-0.18,2012-04-01,2012-05-01,2012-06-01,2012-06-01,2012-05-01
MJJ,2012,0.03,2012-05-01,2012-06-01,2012-07-01,2012-07-01,2012-06-01
JJA,2012,0.28,2012-06-01,2012-07-01,2012-08-01,2012-08-01,2012-07-01
JAS,2012,0.39,2012-07-01,2012-08-01,2012-09-01,2012-09-01,2012-08-01
ASO,2012,0.37,2012-08-01,2012-09-01,2012-10-01,2012-10-01,2012-09-01
SON,2012,0.28,2012-09-01,2012-10-01,2012-11-01,2012-11-01,2012-10-01
OND,2012,0.13,2012-10-01,2012-11-01,2012-12-01,2012-12-01,2012-11-01
NDJ,2012,-0.03,2012-11-01,2012-12-01,2013-01-01,2013-01-01,2012-12-01
DJF,2013,-0.24,2012-12-01,2013-01-01,2013-02-01,2013-02-01,2013-01-01
JFM,2013,-0.28,2013-01-01,2013-02-01,2013-03-01,2013-03-01,2013-02-01
FMA,2013,-0.23,2013-02-01,2013-03-01,2013-04-01,2013-04-01,2013-03-01
MAM,2013,-0.2,2013-03-01,2013-04-01,2013-05-01,2013-05-01,2013-04-01
AMJ,2013,-0.3,2013-04-01,2013-05-01,2013-06-01,2013-06-01,2013-05-01
MJJ,2013,-0.38,2013-05-01,2013-06-01,2013-07-01,2013-07-01,2013-06-01
JJA,2013,-0.45,2013-06-01,2013-07-01,2013-08-01,2013-08-01,2013-07-01
JAS,2013,-0.34,2013-07-01,2013-08-01,2013-09-01,2013-09-01,2013-08-01
ASO,2013,-0.32,2013-08-01,2013-09-01,2013-10-01,2013-10-01,2013-09-01
SON,2013,-0.14,2013-09-01,2013-10-01,2013-11-01,2013-11-01,2013-10-01
OND,2013,-0.12,2013-10-01,2013-11-01,2013-12-01,2013-12-01,2013-11-01
NDJ,2013,-0.11,2013-11-01,2013-12-01,2014-01-01,2014-01-01,2013-12-01
DJF,2014,-0.24,2013-12-01,2014-01-01,2014-02-01,2014-02-01,2014-01-01
JFM,2014,-0.21,2014-01-01,2014-02-01,2014-03-01,2014-03-01,2014-02-01
FMA,2014,-0.02,2014-02-01,2014-03-01,2014-04-01,2014-04-01,2014-03-01
MAM,2014,0.25,2014-03-01,2014-04-01,2014-05-01,2014-05-01,2014-04-01
AMJ,2014,0.35,2014-04-01,2014-05-01,2014-06-01,2014-06-01,2014-05-01
MJJ,2014,0.22,2014-05-01,2014-06-01,2014-07-01,2014-07-01,2014-06-01
JJA,2014,0.07,2014-06-01,2014-07-01,2014-08-01,2014-08-01,2014-07-01
JAS,2014,0.07,2014-07-01,2014-08-01,2014-09-01,2014-09-01,2014-08-01
ASO,2014,0.24,2014-08-01,2014-09-01,2014-10-01,2014-10-01,2014-09-01
SON,2014,0.51,2014-09-01,2014-10-01,2014-11-01,2014-11-01,2014-10-01
OND,2014,0.7,2014-10-01,2014-11-01,2014-12-01,2014-12-01,2014-11-01
NDJ,2014,0.8,2014-11-01,2014-12-01,2015-01-01,2015-01-01,2014-12-01
DJF,2015,0.73,2014-12-01,2015-01-01,2015-02-01,2015-02-01,2015-01-01
JFM,2015,0.65,2015-01-01,2015-02-01,2015-03-01,2015-03-01,2015-02-01
FMA,2015,0.72,2015-02-01,2015-03-01,2015-04-01,2015-04-01,2015-03-01
MAM,2015,0.86,2015-03-01,2015-04-01,2015-05-01,2015-05-01,2015-04-01
AMJ,2015,1.04,2015-04-01,2015-05-01,2015-06-01,2015-06-01,2015-05-01
MJJ,2015,1.19,2015-05-01,2015-06-01,2015-07-01,2015-07-01,2015-06-01
JJA,2015,1.44,2015-06-01,2015-07-01,2015-08-01,2015-08-01,2015-07-01
JAS,2015,1.73,2015-07-01,2015-08-01,2015-09-01,2015-09-01,2015-08-01
ASO,2015,2.02,2015-08-01,2015-09-01,2015-10-01,2015-10-01,2015-09-01
SON,2015,2.28,2015-09-01,2015-10-01,2015-11-01,2015-11-01,2015-10-01
OND,2015,2.45,2015-10-01,2015-11-01,2015-12-01,2015-12-01,2015-11-01
NDJ,2015,2.59,2015-11-01,2015-12-01,2016-01-01,2016-01-01,2015-12-01
DJF,2016,2.5,2015-12-01,2016-01-01,2016-02-01,2016-02-01,2016-01-01
JFM,2016,2.21,2016-01-01,2016-02-01,2016-03-01,2016-03-01,2016-02-01
FMA,2016,1.69,2016-02-01,2016-03-01,2016-04-01,2016-04-01,2016-03-01
MAM,2016,1.11,2016-03-01,2016-04-01,2016-05-01,2016-05-01,2016-04-01
AMJ,2016,0.57,2016-04-01,2016-05-01,2016-06-01,2016-06-01,2016-05-01
MJJ,2016,0.09,2016-05-01,2016-06-01,2016-07-01,2016-07-01,2016-06-01
JJA,2016,-0.19,2016-06-01,2016-07-01,2016-08-01,2016-08-01,2016-07-01
JAS,2016,-0.34,2016-07-01,2016-08-01,2016-09-01,2016-09-01,2016-08-01
ASO,2016,-0.42,2016-08-01,2016-09-01,2016-10-01,2016-10-01,2016-09-01
SON,2016,-0.51,2016-09-01,2016-10-01,2016-11-01,2016-11-01,2016-10-01
OND,2016,-0.49,2016-10-01,2016-11-01,2016-12-01,2016-12-01,2016-11-01
NDJ,2016,-0.37,2016-11-01,2016-12-01,2017-01-01,2017-01-01,2016-12-01
DJF,2017,-0.08,2016-12-01,2017-01-01,2017-02-01,2017-02-01,2017-01-01
JFM,2017,0.08,2017-01-01,2017-02-01,2017-03-01,2017-03-01,2017-02-01
FMA,2017,0.27,2017-02-01,2017-03-01,2017-04-01,2017-04-01,2017-03-01
MAM,2017,0.32,2017-03-01,2017-04-01,2017-05-01,2017-05-01,2017-04-01
AMJ,2017,0.35,2017-04-01,2017-05-01,2017-06-01,2017-06-01,2017-05-01
MJJ,2017,0.32,2017-05-01,2017-06-01,2017-07-01,2017-07-01,2017-06-01
JJA,2017,0.14,2017-06-01,2017-07-01,2017-08-01,2017-08-01,2017-07-01
JAS,2017,-0.07,2017-07-01,2017-08-01,2017-09-01,2017-09-01,2017-08-01
ASO,2017,-0.23,2017-08-01,2017-09-01,2017-10-01,2017-10-01,2017-09-01
SON,2017,-0.44,2017-09-01,2017-10-01,2017-11-01,2017-11-01,2017-10-01
OND,2017,-0.61,2017-10-01,2017-11-01,2017-12-01,2017-12-01,2017-11-01
NDJ,2017,-0.76,2017-11-01,2017-12-01,2018-01-01,2018-01-01,2017-12-01
DJF,2018,-0.71,2017-12-01,2018-01-01,2018-02-01,2018-02-01,2018-01-01
JFM,2018,-0.67,2018-01-01,2018-02-01,2018-03-01,2018-03-01,2018-02-01
FMA,2018,-0.55,2018-02-01,2018-03-01,2018-04-01,2018-04-01,2018-03-01
MAM,2018,-0.35,2018-03-01,2018-04-01,2018-05-01,2018-05-01,2018-04-01
AMJ,2018,-0.07,2018-04-01,2018-05-01,2018-06-01,2018-06-01,2018-05-01
MJJ,2018,0.13,2018-05-01,2018-06-01,2018-07-01,2018-07-01,2018-06-01
JJA,2018,0.2,2018-06-01,2018-07-01,2018-08-01,2018-08-01,2018-07-01
JAS,2018,0.3,2018-07-01,2018-08-01,2018-09-01,2018-09-01,2018-08-01
ASO,2018,0.52,2018-08-01,2018-09-01,2018-10-01,2018-10-01,2018-09-01
SON,2018,0.82,2018-09-01,2018-10-01,2018-11-01,2018-11-01,2018-10-01
OND,2018,1.04,2018-10-01,2018-11-01,2018-12-01,2018-12-01,2018-11-01
NDJ,2018,1.05,2018-11-01,2018-12-01,2019-01-01,2019-01-01,2018-12-01
DJF,2019,0.99,2018-12-01,2019-01-01,2019-02-01,2019-02-01,2019-01-01
JFM,2019,0.94,2019-01-01,2019-02-01,2019-03-01,2019-03-01,2019-02-01
FMA,2019,0.87,2019-02-01,2019-03-01,2019-04-01,2019-04-01,2019-03-01
MAM,2019,0.82,2019-03-01,2019-04-01,2019-05-01,2019-05-01,2019-04-01
AMJ,2019,0.71,2019-04-01,2019-05-01,2019-06-01,2019-06-01,2019-05-01
MJJ,2019,0.59,2019-05-01,2019-06-01,2019-07-01,2019-07-01,2019-06-01
JJA,2019,0.38,2019-06-01,2019-07-01,2019-08-01,2019-08-01,2019-07-01
JAS,2019,0.2,2019-07-01,2019-08-01,2019-09-01,2019-09-01,2019-08-01
ASO,2019,0.31,2019-08-01,2019-09-01,2019-10-01,2019-10-01,2019-09-01
SON,2019,0.51,2019-09-01,2019-10-01,2019-11-01,2019-11-01,2019-10-01
OND,2019,0.72,2019-10-01,2019-11-01,2019-12-01,2019-12-01,2019-11-01
NDJ,2019,0.75,2019-11-01,2019-12-01,2020-01-01,2020-01-01,2019-12-01
DJF,2020,0.71,2019-12-01,2020-01-01,2020-02-01,2020-02-01,2020-01-01
JFM,2020,0.66,2020-01-01,2020-02-01,2020-03-01,2020-03-01,2020-02-01
FMA,2020,0.57,2020-02-01,2020-03-01,2020-04-01,2020-04-01,2020-03-01
MAM,2020,0.33,2020-03-01,2020-04-01,2020-05-01,2020-05-01,2020-04-01
AMJ,2020,0.04,2020-04-01,2020-05-01,2020-06-01,2020-06-01,2020-05-01
MJJ,2020,-0.18,2020-05-01,2020-06-01,2020-07-01,2020-07-01,2020-06-01
JJA,2020,-0.29,2020-06-01,2020-07-01,2020-08-01,2020-08-01,2020-07-01
JAS,2020,-0.43,2020-07-01,2020-08-01,2020-09-01,2020-09-01,2020-08-01
ASO,2020,-0.77,2020-08-01,2020-09-01,2020-10-01,2020-10-01,2020-09-01
SON,2020,-1.0,2020-09-01,2020-10-01,2020-11-01,2020-11-01,2020-10-01
OND,2020,-1.11,2020-10-01,2020-11-01,2020-12-01,2020-12-01,2020-11-01
NDJ,2020,-1.06,2020-11-01,2020-12-01,2021-01-01,2021-01-01,2020-12-01
DJF,2021,-0.99,2020-12-01,2021-01-01,2021-02-01,2021-02-01,2021-01-01
JFM,2021,-0.85,2021-01-01,2021-02-01,2021-03-01,2021-03-01,2021-02-01
FMA,2021,-0.74,2021-02-01,2021-03-01,2021-04-01,2021-04-01,2021-03-01
MAM,2021,-0.56,2021-03-01,2021-04-01,2021-05-01,2021-05-01,2021-04-01
AMJ,2021,-0.4,2021-04-01,2021-05-01,2021-06-01,2021-06-01,2021-05-01
MJJ,2021,-0.31,2021-05-01,2021-06-01,2021-07-01,2021-07-01,2021-06-01
JJA,2021,-0.35,2021-06-01,2021-07-01,2021-08-01,2021-08-01,2021-07-01
JAS,2021,-0.46,2021-07-01,2021-08-01,2021-09-01,2021-09-01,2021-08-01
ASO,2021,-0.64,2021-08-01,2021-09-01,2021-10-01,2021-10-01,2021-09-01
SON,2021,-0.77,2021-09-01,2021-10-01,2021-11-01,2021-11-01,2021-10-01
OND,2021,-0.91,2021-10-01,2021-11-01,2021-12-01,2021-12-01,2021-11-01
NDJ,2021,-0.83,2021-11-01,2021-12-01,2022-01-01,2022-01-01,2021-12-01
DJF,2022,-0.76,2021-12-01,2022-01-01,2022-02-01,2022-02-01,2022-01-01
JFM,2022,-0.68,2022-01-01,2022-02-01,2022-03-01,2022-03-01,2022-02-01
FMA,2022,-0.77,2022-02-01,2022-03-01,2022-04-01,2022-04-01,2022-03-01
MAM,2022,-0.86,2022-03-01,2022-04-01,2022-05-01,2022-05-01,2022-04-01
AMJ,2022,-0.83,2022-04-01,2022-05-01,2022-06-01,2022-06-01,2022-05-01
MJJ,2022,-0.73,2022-05-01,2022-06-01,2022-07-01,2022-07-01,2022-06-01
JJA,2022,-0.7,2022-06-01,2022-07-01,2022-08-01,2022-08-01,2022-07-01
JAS,2022,-0.78,2022-07-01,2022-08-01,2022-09-01,2022-09-01,2022-08-01
ASO,2022,-0.87,2022-08-01,2022-09-01,2022-10-01,2022-10-01,2022-09-01
SON,2022,-0.89,2022-09-01,2022-10-01,2022-11-01,2022-11-01,2022-10-01
OND,2022,-0.82,2022-10-01,2022-11-01,2022-12-01,2022-12-01,2022-11-01
NDJ,2022,-0.7,2022-11-01,2022-12-01,2023-01-01,2023-01-01,2022-12-01
DJF,2023,-0.55,2022-12-01,2023-01-01,2023-02-01,2023-02-01,2023-01-01
JFM,2023,-0.33,2023-01-01,2023-02-01,2023-03-01,2023-03-01,2023-02-01
FMA,2023,-0.11,2023-02-01,2023-03-01,2023-04-01,2023-04-01,2023-03-01
MAM,2023,0.19,2023-03-01,2023-04-01,2023-05-01,2023-05-01,2023-04-01
AMJ,2023,0.46,2023-04-01,2023-05-01,2023-06-01,2023-06-01,2023-05-01
MJJ,2023,0.73,2023-05-01,2023-06-01,2023-07-01,2023-07-01,2023-06-01
JJA,2023,1.0,2023-06-01,2023-07-01,2023-08-01,2023-08-01,2023-07-01
JAS,2023,1.25,2023-07-01,2023-08-01,2023-09-01,2023-09-01,2023-08-01
ASO,2023,1.5,2023-08-01,2023-09-01,2023-10-01,2023-10-01,2023-09-01
SON,2023,1.74,2023-09-01,2023-10-01,2023-11-01,2023-11-01,2023-10-01
OND,2023,1.9,2023-10-01,2023-11-01,2023-12-01,2023-12-01,2023-11-01
NDJ,2023,1.99,2023-11-01,2023-12-01,2024-01-01,2024-01-01,2023-12-01
DJF,2024,1.84,2023-12-01,2024-01-01,2024-02-01,2024-02-01,2024-01-01
JFM,2024,1.53,2024-01-01,2024-02-01,2024-03-01,2024-03-01,2024-02-01
FMA,2024,1.18,2024-02-01,2024-03-01,2024-04-01,2024-04-01,2024-03-01
MAM,2024,0.77,2024-03-01,2024-04-01,2024-05-01,2024-05-01,2024-04-01
AMJ,2024,0.43,2024-04-01,2024-05-01,2024-06-01,2024-06-01,2024-05-01
MJJ,2024,0.18,2024-05-01,2024-06-01,2024-07-01,2024-07-01,2024-06-01
JJA,2024,0.06,2024-06-01,2024-07-01,2024-08-01,2024-08-01,2024-07-01
JAS,2024,-0.04,2024-07-01,2024-08-01,2024-09-01,2024-09-01,2024-08-01
ASO,2024,-0.12,2024-08-01,2024-09-01,2024-10-01,2024-10-01,2024-09-01
SON,2024,-0.19,2024-09-01,2024-10-01,2024-11-01,2024-11-01,2024-10-01
OND,2024,-0.29,2024-10-01,2024-11-01,2024-12-01,2024-12-01,2024-11-01
NDJ,2024,-0.43,2024-11-01,2024-12-01,2025-01-01,2025-01-01,2024-12-01
DJF,2025,-0.46,2024-12-01,2025-01-01,2025-02-01,2025-02-01,2025-01-01
JFM,2025,-0.22,2025-01-01,2025-02-01,2025-03-01,2025-03-01,2025-02-01
FMA,2025,-0.08,2025-02-01,2025-03-01,2025-04-01,2025-04-01,2025-03-01
MAM,2025,0.02,2025-03-01,2025-04-01,2025-05-01,2025-05-01,2025-04-01
AMJ,2025,-0.04,2025-04-01,2025-05-01,2025-06-01,2025-06-01,2025-05-01
MJJ,2025,-0.02,2025-05-01,2025-06-01,2025-07-01,2025-07-01,2025-06-01
JJA,2025,-0.11,2025-06-01,2025-07-01,2025-08-01,2025-08-01,2025-07-01
JAS,2025,-0.26,2025-07-01,2025-08-01,2025-09-01,2025-09-01,2025-08-01
ASO,2025,-0.43,2025-08-01,2025-09-01,2025-10-01,2025-10-01,2025-09-01
SON,2025,-0.57,2025-09-01,2025-10-01,2025-11-01,2025-11-01,2025-10-01
OND,2025,-0.61,2025-10-01,2025-11-01,2025-12-01,2025-12-01,2025-11-01
NDJ,2025,-0.6,2025-11-01,2025-12-01,2026-01-01,2026-01-01,2025-12-01
DJF,2026,-0.39,2025-12-01,2026-01-01,2026-02-01,2026-02-01,2026-01-01
JFM,2026,-0.21,2026-01-01,2026-02-01,2026-03-01,2026-03-01,2026-02-01
FMA,2026,0.11,2026-02-01,2026-03-01,2026-04-01,2026-04-01,2026-03-01
MAM,2026,0.46,2026-03-01,2026-04-01,2026-05-01,2026-05-01,2026-04-01
AMJ,2026,0.95,2026-04-01,2026-05-01,2026-06-01,2026-06-01,2026-05-01
MJJ,2026,1.39,2026-05-01,2026-06-01,2026-07-01,2026-07-01,2026-06-01
JJA,2026,1.8,2026-06-01,2026-07-01,2026-08-01,2026-08-01,2026-07-01
